model,season,nino34_anomaly
"Observed","MAM-OBS",0.48
"Observed","May-OBS",0.94
"OBS-0","May-OBS",0.94
"OBS-0","JJA",2.4333333333333336
"OBS-1","May-OBS",0.94
"OBS-1","JJA",2.033333333333333
"OBS-2","May-OBS",0.94
"OBS-2","JJA",1.47
"OBS-3","May-OBS",0.94
"OBS-3","JJA",1.27
"OBS-4","May-OBS",0.94
"OBS-4","JJA",1.87
"OBS-5","May-OBS",0.94
"OBS-5","JJA",1.22
"OBS-6","May-OBS",0.94
"OBS-6","JJA",1.86
"OBS-7","May-OBS",0.94
"OBS-7","JJA",2.094
"OBS-8","May-OBS",0.94
"OBS-8","JJA",1
"OBS-9","May-OBS",0.94
"OBS-9","JJA",1.37
"OBS-10","May-OBS",0.94
"OBS-10","JJA",1.2
"OBS-11","May-OBS",0.94
"OBS-11","JJA",1.07
"OBS-12","May-OBS",0.94
"OBS-12","JJA",1.47
"OBS-13","May-OBS",0.94
"OBS-13","JJA",1.6866666666666668
"OBS-14","May-OBS",0.94
"OBS-14","JJA",1.978
"OBS-15","May-OBS",0.94
"OBS-15","JJA",1.0156666666666665
"OBS-16","May-OBS",0.94
"OBS-16","JJA",1.7680749999999998
"OBS-17","May-OBS",0.94
"OBS-17","JJA",1.499
"OBS-18","May-OBS",0.94
"OBS-18","JJA",2.16
"OBS-19","May-OBS",0.94
"OBS-19","JJA",1.67255
"OBS-20","May-OBS",0.94
"OBS-20","JJA",0.8396736666666668
"OBS-21","May-OBS",0.94
"OBS-21","JJA",1.45
"OBS-22","May-OBS",0.94
"OBS-22","JJA",1.75
"OBS-23","May-OBS",0.94
"OBS-23","JJA",1.51
"OBS-24","May-OBS",0.94
"OBS-24","JJA",1.47
"OBS-25","May-OBS",0.94
"OBS-25","JJA",1.6436666666666666
"OBS-26","May-OBS",0.94
"OBS-26","JJA",1.7398194444444448
"OBS-27","May-OBS",0.94
"OBS-27","JJA",1.2725933703703705
"OBS-28","May-OBS",0.94
"OBS-28","JJA",1.6266666666666665
"AUS-ACCESS","JJA",2.4333333333333336
"AUS-ACCESS","JAS",2.966666666666667
"AUS-ACCESS","ASO",3.3666666666666667
"AUS-ACCESS","SON",3.5666666666666664
"AUS-ACCESS","OND",null
"AUS-ACCESS","NDJ",null
"AUS-ACCESS","DJF",null
"AUS-ACCESS","JFM",null
"AUS-ACCESS","FMA",null
"BCC DIAP","JJA",1.47
"BCC DIAP","JAS",1.86
"BCC DIAP","ASO",2.08
"BCC DIAP","SON",2.13
"BCC DIAP","OND",2.12
"BCC DIAP","NDJ",2.04
"BCC DIAP","DJF",1.85
"BCC DIAP","JFM",1.52
"BCC DIAP","FMA",1.19
"CMC CANSIP","JJA",1.87
"CMC CANSIP","JAS",2.1
"CMC CANSIP","ASO",2.19
"CMC CANSIP","SON",2.3
"CMC CANSIP","OND",2.47
"CMC CANSIP","NDJ",2.58
"CMC CANSIP","DJF",2.56
"CMC CANSIP","JFM",2.38
"CMC CANSIP","FMA",2.15
"CMCC-SPS4","JJA",1.86
"CMCC-SPS4","JAS",2.32
"CMCC-SPS4","ASO",2.87
"CMCC-SPS4","SON",3.47
"CMCC-SPS4","OND",null
"CMCC-SPS4","NDJ",null
"CMCC-SPS4","DJF",null
"CMCC-SPS4","JFM",null
"CMCC-SPS4","FMA",null
"COLA CCSM4","JJA",2.094
"COLA CCSM4","JAS",2.625
"COLA CCSM4","ASO",3.024
"COLA CCSM4","SON",3.271
"COLA CCSM4","OND",3.264
"COLA CCSM4","NDJ",3.087
"COLA CCSM4","DJF",2.746
"COLA CCSM4","JFM",2.396
"COLA CCSM4","FMA",2.134
"CS-IRI-MM","JJA",1.37
"CS-IRI-MM","JAS",1.7
"CS-IRI-MM","ASO",2.14
"CS-IRI-MM","SON",2.56
"CS-IRI-MM","OND",2.86
"CS-IRI-MM","NDJ",2.92
"CS-IRI-MM","DJF",null
"CS-IRI-MM","JFM",null
"CS-IRI-MM","FMA",null
"IOCAS ICM","JJA",1.47
"IOCAS ICM","JAS",1.53
"IOCAS ICM","ASO",1.63
"IOCAS ICM","SON",1.75
"IOCAS ICM","OND",1.89
"IOCAS ICM","NDJ",2.02
"IOCAS ICM","DJF",2.04
"IOCAS ICM","JFM",1.86
"IOCAS ICM","FMA",1.5
"JMA","JJA",1.6866666666666668
"JMA","JAS",2.0766666666666667
"JMA","ASO",2.5233333333333334
"JMA","SON",2.986666666666667
"JMA","OND",3.3866666666666667
"JMA","NDJ",null
"JMA","DJF",null
"JMA","JFM",null
"JMA","FMA",null
"KMA","JJA",1.978
"KMA","JAS",2.408
"KMA","ASO",2.725
"KMA","SON",2.887
"KMA","OND",null
"KMA","NDJ",null
"KMA","DJF",null
"KMA","JFM",null
"KMA","FMA",null
"LDEO","JJA",1.0156666666666665
"LDEO","JAS",1.075
"LDEO","ASO",1.212
"LDEO","SON",1.4093333333333333
"LDEO","OND",1.554
"LDEO","NDJ",1.5656666666666668
"LDEO","DJF",1.3823333333333334
"LDEO","JFM",1.0976666666666668
"LDEO","FMA",0.7759999999999999
"MetFRANCE","JJA",1.7680749999999998
"MetFRANCE","JAS",2.1070876666666667
"MetFRANCE","ASO",2.4140083333333333
"MetFRANCE","SON",2.6241916666666665
"MetFRANCE","OND",2.7038689999999996
"MetFRANCE","NDJ",null
"MetFRANCE","DJF",null
"MetFRANCE","JFM",null
"MetFRANCE","FMA",null
"NASA GMAOv3","JJA",1.499
"NASA GMAOv3","JAS",1.748
"NASA GMAOv3","ASO",1.956
"NASA GMAOv3","SON",2.176
"NASA GMAOv3","OND",2.409
"NASA GMAOv3","NDJ",2.661
"NASA GMAOv3","DJF",2.881
"NASA GMAOv3","JFM",null
"NASA GMAOv3","FMA",null
"NCEP CFSv2","JJA",2.16
"NCEP CFSv2","JAS",2.74
"NCEP CFSv2","ASO",3.18
"NCEP CFSv2","SON",3.49
"NCEP CFSv2","OND",3.63
"NCEP CFSv2","NDJ",3.43
"NCEP CFSv2","DJF",2.97
"NCEP CFSv2","JFM",null
"NCEP CFSv2","FMA",null
"SINTEX-F","JJA",1.67255
"SINTEX-F","JAS",1.96014
"SINTEX-F","ASO",2.10439
"SINTEX-F","SON",2.19358
"SINTEX-F","OND",2.29262
"SINTEX-F","NDJ",2.32873
"SINTEX-F","DJF",2.21682
"SINTEX-F","JFM",2.04316
"SINTEX-F","FMA",1.84757
"UKMO","JJA",1.75
"UKMO","JAS",2.13
"UKMO","ASO",2.4
"UKMO","SON",2.5
"UKMO","OND",null
"UKMO","NDJ",null
"UKMO","DJF",null
"UKMO","JFM",null
"UKMO","FMA",null
"DYN AVG ","JJA",1.74
"DYN AVG ","JAS",2.09
"DYN AVG ","ASO",2.39
"DYN AVG ","SON",2.62
"DYN AVG ","OND",2.6
"DYN AVG ","NDJ",2.51
"DYN AVG ","DJF",2.33
"DYN AVG ","JFM",1.88
"DYN AVG ","FMA",1.6
"BCC_RZDM","JJA",1.27
"BCC_RZDM","JAS",1.27
"BCC_RZDM","ASO",1.41
"BCC_RZDM","SON",1.6
"BCC_RZDM","OND",1.78
"BCC_RZDM","NDJ",1.81
"BCC_RZDM","DJF",1.67
"BCC_RZDM","JFM",1.45
"BCC_RZDM","FMA",1.17
"CPC MRKOV","JJA",1
"CPC MRKOV","JAS",1.09
"CPC MRKOV","ASO",1.24
"CPC MRKOV","SON",1.41
"CPC MRKOV","OND",1.56
"CPC MRKOV","NDJ",1.66
"CPC MRKOV","DJF",1.66
"CPC MRKOV","JFM",1.53
"CPC MRKOV","FMA",1.31
"CSU CLIPR","JJA",1.2
"CSU CLIPR","JAS",1.4633333333333334
"CSU CLIPR","ASO",1.7266666666666666
"CSU CLIPR","SON",1.99
"CSU CLIPR","OND",1.9933333333333332
"CSU CLIPR","NDJ",1.9966666666666666
"CSU CLIPR","DJF",2
"CSU CLIPR","JFM",1.5566666666666666
"CSU CLIPR","FMA",1.1133333333333333
"IAP-NN","JJA",1.07
"IAP-NN","JAS",1.193
"IAP-NN","ASO",1.27
"IAP-NN","SON",1.291
"IAP-NN","OND",1.259
"IAP-NN","NDJ",1.179
"IAP-NN","DJF",1.056
"IAP-NN","JFM",0.882
"IAP-NN","FMA",0.675
"TONGJI-ML","JJA",0.8396736666666668
"TONGJI-ML","JAS",1.2316553333333333
"TONGJI-ML","ASO",1.4547573333333332
"TONGJI-ML","SON",1.4289986666666668
"TONGJI-ML","OND",1.4598786666666665
"TONGJI-ML","NDJ",1.5054999999999998
"TONGJI-ML","DJF",1.647715
"TONGJI-ML","JFM",1.7625609999999998
"TONGJI-ML","FMA",1.772722
"UCLA-TCD","JJA",1.45
"UCLA-TCD","JAS",1.58
"UCLA-TCD","ASO",1.72
"UCLA-TCD","SON",1.86
"UCLA-TCD","OND",1.96
"UCLA-TCD","NDJ",1.97
"UCLA-TCD","DJF",1.84
"UCLA-TCD","JFM",1.6
"UCLA-TCD","FMA",1.3
"UW PSL-CSLIM","JJA",1.51
"UW PSL-CSLIM","JAS",1.78
"UW PSL-CSLIM","ASO",2.03
"UW PSL-CSLIM","SON",2.28
"UW PSL-CSLIM","OND",2.47
"UW PSL-CSLIM","NDJ",2.51
"UW PSL-CSLIM","DJF",2.35
"UW PSL-CSLIM","JFM",2
"UW PSL-CSLIM","FMA",1.56
"UW PSL-LIM","JJA",1.47
"UW PSL-LIM","JAS",1.71
"UW PSL-LIM","ASO",1.86
"UW PSL-LIM","SON",1.92
"UW PSL-LIM","OND",1.91
"UW PSL-LIM","NDJ",1.85
"UW PSL-LIM","DJF",1.73
"UW PSL-LIM","JFM",1.54
"UW PSL-LIM","FMA",1.28
"XRO","JJA",1.6436666666666666
"XRO","JAS",2.0946666666666665
"XRO","ASO",2.550666666666667
"XRO","SON",2.9280000000000004
"XRO","OND",3.1666666666666665
"XRO","NDJ",3.2409999999999997
"XRO","DJF",3.147
"XRO","JFM",2.8593333333333337
"XRO","FMA",2.3836666666666666
"STAT AVG ","JJA",1.27
"STAT AVG ","JAS",1.49
"STAT AVG ","ASO",1.7
"STAT AVG ","SON",1.86
"STAT AVG ","OND",1.95
"STAT AVG ","NDJ",1.97
"STAT AVG ","DJF",1.9
"STAT AVG ","JFM",1.69
"STAT AVG ","FMA",1.4
"Observed","MAM-OBS",-0.01
"Observed","May-OBS",0.49
"OBS-1","May-OBS",0.49
"OBS-1","JJA",2.033333333333333
"OBS-5","May-OBS",0.49
"OBS-5","JJA",1.22
"AUS-RELATIVE","JJA",2.033333333333333
"AUS-RELATIVE","JAS",2.5
"AUS-RELATIVE","ASO",2.8666666666666667
"AUS-RELATIVE","SON",3.0666666666666664
"AUS-RELATIVE","OND",null
"AUS-RELATIVE","NDJ",null
"AUS-RELATIVE","DJF",null
"AUS-RELATIVE","JFM",null
"AUS-RELATIVE","FMA",null
"CMCC RELATIVE","JJA",1.22
"CMCC RELATIVE","JAS",1.67
"CMCC RELATIVE","ASO",2.23
"CMCC RELATIVE","SON",2.85
"CMCC RELATIVE","OND",null
"CMCC RELATIVE","NDJ",null
"CMCC RELATIVE","DJF",null
"CMCC RELATIVE","JFM",null
"CMCC RELATIVE","FMA",null
"REL AVG ","JJA",1.63
"REL AVG ","JAS",2.08
"REL AVG ","ASO",2.55
"REL AVG ","SON",2.96
"REL AVG ","OND",NaN
"REL AVG ","NDJ",NaN
"REL AVG ","DJF",NaN
"REL AVG ","JFM",NaN
"REL AVG ","FMA",NaN
"DYN MODELS:","Thu Aug 15 2024 00:00:00 GMT-0700 (Mountain Standard Time)",-10
"DYN MODELS:","Sun Sep 15 2024 00:00:00 GMT-0700 (Mountain Standard Time)",-10
"DYN MODELS:","Tue Oct 15 2024 00:00:00 GMT-0700 (Mountain Standard Time)",-10
"DYN MODELS:","Fri Nov 15 2024 00:00:00 GMT-0700 (Mountain Standard Time)",-10
"DYN MODELS:","Sun Dec 15 2024 00:00:00 GMT-0700 (Mountain Standard Time)",-10
"DYN MODELS:","Wed Jan 15 2025 00:00:00 GMT-0700 (Mountain Standard Time)",-10
"DYN MODELS:","Sat Feb 15 2025 00:00:00 GMT-0700 (Mountain Standard Time)",-10
"DYN MODELS:","Sat Mar 15 2025 00:00:00 GMT-0700 (Mountain Standard Time)",-10
"DYN MODELS:","Tue Apr 15 2025 00:00:00 GMT-0700 (Mountain Standard Time)",-10
"DYN MODELS:","Thu May 15 2025 00:00:00 GMT-0700 (Mountain Standard Time)",-10
"DYN MODELS:","Sun Jun 15 2025 00:00:00 GMT-0700 (Mountain Standard Time)",-10
"DYN MODELS:","Tue Jul 15 2025 00:00:00 GMT-0700 (Mountain Standard Time)",-10
"DYN MODELS:","Fri Aug 15 2025 00:00:00 GMT-0700 (Mountain Standard Time)",-10
"DYN MODELS:","Mon Sep 15 2025 00:00:00 GMT-0700 (Mountain Standard Time)",-10
"DYN MODELS:","Wed Oct 15 2025 00:00:00 GMT-0700 (Mountain Standard Time)",-10
"DYN MODELS:","Sat Nov 15 2025 00:00:00 GMT-0700 (Mountain Standard Time)",-10
"DYN MODELS:","Mon Dec 15 2025 00:00:00 GMT-0700 (Mountain Standard Time)",-10
"DYN MODELS:","Thu Jan 15 2026 00:00:00 GMT-0700 (Mountain Standard Time)",-10
"DYN MODELS:","Sun Feb 15 2026 00:00:00 GMT-0700 (Mountain Standard Time)",-10
"DYN MODELS:","Sun Mar 15 2026 00:00:00 GMT-0700 (Mountain Standard Time)",-10
"DYN MODELS:","Wed Apr 15 2026 00:00:00 GMT-0700 (Mountain Standard Time)",-10
"DYN MODELS:","Fri May 15 2026 00:00:00 GMT-0700 (Mountain Standard Time)",-10
"DYN MODELS:","Mon Jun 15 2026 00:00:00 GMT-0700 (Mountain Standard Time)",-10
"DYN MODELS:","Wed Jul 15 2026 00:00:00 GMT-0700 (Mountain Standard Time)",-10
"DYN MODELS:","Sat Aug 15 2026 00:00:00 GMT-0700 (Mountain Standard Time)",-10
"DYN MODELS:","Tue Sep 15 2026 00:00:00 GMT-0700 (Mountain Standard Time)",-10
"DYN MODELS:","Thu Oct 15 2026 00:00:00 GMT-0700 (Mountain Standard Time)",-10
"AUS-ACCESS","ASO",-0.19999999999999998
"AUS-ACCESS","SON",-0.2333333333333333
"AUS-ACCESS","OND",-0.16666666666666666
"AUS-ACCESS","NDJ",-0.06666666666666667
"AUS-ACCESS","DJF",NaN
"BCC_CSM11m","ASO",-0.73
"BCC_CSM11m","SON",-0.67
"BCC_CSM11m","OND",-0.51
"BCC_CSM11m","NDJ",-0.33
"BCC_CSM11m","DJF",-0.14
"CMC CANSIP","ASO",-0.35
"CMC CANSIP","SON",-0.54
"CMC CANSIP","OND",-0.63
"CMC CANSIP","NDJ",-0.61
"CMC CANSIP","DJF",-0.54
"COLA CCSM4","ASO",-0.516
"COLA CCSM4","SON",-0.7186
"COLA CCSM4","OND",-0.8687
"COLA CCSM4","NDJ",-0.9244
"COLA CCSM4","DJF",-0.8835
"CS-IRI-MM","ASO",-0.24
"CS-IRI-MM","SON",-0.33
"CS-IRI-MM","OND",-0.44
"CS-IRI-MM","NDJ",-0.52
"CS-IRI-MM","DJF",-0.45
"DWD","ASO",-0.1486871341864268
"DWD","SON",-0.2512235641479492
"DWD","OND",-0.3005196849505107
"DWD","NDJ",-0.3160851796468099
"DWD","DJF",NaN
"ECMWF","ASO",-0.16333333333333333
"ECMWF","SON",-0.20666666666666667
"ECMWF","OND",-0.24333333333333332
"ECMWF","NDJ",-0.2866666666666667
"ECMWF","DJF",-0.28333333333333327
"GFDL SPEAR","ASO",-0.2632883556655599
"GFDL SPEAR","SON",-0.40823017401553946
"GFDL SPEAR","OND",-0.5573244690478287
"GFDL SPEAR","NDJ",-0.6041277314447472
"GFDL SPEAR","DJF",-0.4815312227118456
"IOCAS ICM","ASO",0.05
"IOCAS ICM","SON",-0.16
"IOCAS ICM","OND",-0.48
"IOCAS ICM","NDJ",-0.72
"IOCAS ICM","DJF",-0.85
"JMA","ASO",-0.3
"JMA","SON",-0.47333333333333333
"JMA","OND",-0.54
"JMA","NDJ",-0.56
"JMA","DJF",-0.47333333333333333
"KMA","ASO",-0.7
"KMA","SON",-0.9
"KMA","OND",-1
"KMA","NDJ",-1
"KMA","DJF",NaN
"LDEO","ASO",0.07833333333333332
"LDEO","SON",0.050333333333333334
"LDEO","OND",-0.022333333333333334
"LDEO","NDJ",-0.008333333333333331
"LDEO","DJF",0.084
"MetFRANCE","ASO",-0.14364849999999998
"MetFRANCE","SON",-0.20582600000000004
"MetFRANCE","OND",-0.19807766666666668
"MetFRANCE","NDJ",-0.13830866666666666
"MetFRANCE","DJF",-0.044061866666666664
"NCEP CFSv2","ASO",-0.64
"NCEP CFSv2","SON",-1.05
"NCEP CFSv2","OND",-1.27
"NCEP CFSv2","NDJ",-1.39
"NCEP CFSv2","DJF",-1.26
"UKMO","ASO",-0.59
"UKMO","SON",-0.82
"UKMO","OND",-0.91
"UKMO","NDJ",-0.94
"UKMO","DJF",NaN
"AUS-ACCESS","SON",-0.3116666666666667
"AUS-ACCESS","OND",-0.3333333333333333
"AUS-ACCESS","NDJ",-0.2333333333333333
"AUS-ACCESS","DJF",-0.10000000000000002
"AUS-ACCESS","JFM",NaN
"BCC_CSM11m","SON",-0.84
"BCC_CSM11m","OND",-0.74
"BCC_CSM11m","NDJ",-0.53
"BCC_CSM11m","DJF",-0.27
"BCC_CSM11m","JFM",0.05
"CMC CANSIP","SON",-0.65
"CMC CANSIP","OND",-0.82
"CMC CANSIP","NDJ",-0.84
"CMC CANSIP","DJF",-0.76
"CMC CANSIP","JFM",-0.66
"COLA CCSM4","SON",-0.754
"COLA CCSM4","OND",-0.995
"COLA CCSM4","NDJ",-1.172
"COLA CCSM4","DJF",-1.216
"COLA CCSM4","JFM",-1.09
"CS-IRI-MM","SON",-0.4
"CS-IRI-MM","OND",-0.55
"CS-IRI-MM","NDJ",-0.66
"CS-IRI-MM","DJF",-0.57
"CS-IRI-MM","JFM",-0.38
"DWD","SON",-0.32241936524709064
"DWD","OND",-0.4139382441838582
"DWD","NDJ",-0.5012917915980021
"DWD","DJF",-0.49636658032735187
"DWD","JFM",NaN
"ECMWF","SON",-0.5333333333333333
"ECMWF","OND",-0.6900000000000001
"ECMWF","NDJ",-0.7766666666666667
"ECMWF","DJF",-0.7533333333333333
"ECMWF","JFM",-0.63
"GFDL SPEAR","SON",-0.46383386599116827
"GFDL SPEAR","OND",-0.6591061635271706
"GFDL SPEAR","NDJ",-0.7447923115991663
"GFDL SPEAR","DJF",-0.6518476214627865
"GFDL SPEAR","JFM",-0.425090814328017
"IOCAS ICM","SON",-0.31
"IOCAS ICM","OND",-0.45
"IOCAS ICM","NDJ",-0.73
"IOCAS ICM","DJF",-0.88
"IOCAS ICM","JFM",-0.94
"JMA","SON",-0.8000000000000002
"JMA","OND",-0.98
"JMA","NDJ",-0.9
"JMA","DJF",-0.7433333333333333
"JMA","JFM",-0.5666666666666668
"KMA","SON",-1.1
"KMA","OND",-1.3
"KMA","NDJ",-1.3
"KMA","DJF",-1.1
"KMA","JFM",NaN
"LDEO","SON",-0.14766666666666664
"LDEO","OND",-0.23233333333333336
"LDEO","NDJ",-0.24333333333333332
"LDEO","DJF",-0.18600000000000003
"LDEO","JFM",-0.06466666666666666
"MetFRANCE","SON",-0.739938
"MetFRANCE","OND",-0.8114656666666668
"MetFRANCE","NDJ",-0.7364933333333333
"MetFRANCE","DJF",-0.5638483333333334
"MetFRANCE","JFM",-0.34151166666666666
"NCEP CFSv2","SON",-1.02
"NCEP CFSv2","OND",-1.19
"NCEP CFSv2","NDJ",-1.18
"NCEP CFSv2","DJF",-1.01
"NCEP CFSv2","JFM",-0.71
"SINTEX-F","SON",-0.755
"SINTEX-F","OND",-0.797
"SINTEX-F","NDJ",-0.736
"SINTEX-F","DJF",-0.599
"SINTEX-F","JFM",-0.437
"UKMO","SON",-0.76
"UKMO","OND",-0.94
"UKMO","NDJ",-0.96
"UKMO","DJF",-0.89
"UKMO","JFM",NaN
"AUS-ACCESS","OND",-0.225
"AUS-ACCESS","NDJ",-0.2333333333333333
"AUS-ACCESS","DJF",-0.13333333333333333
"AUS-ACCESS","JFM",0.13333333333333333
"AUS-ACCESS","FMA",NaN
"BCC_CSM11m","OND",-0.22
"BCC_CSM11m","NDJ",-0.03
"BCC_CSM11m","DJF",0.15
"BCC_CSM11m","JFM",0.38
"BCC_CSM11m","FMA",0.61
"CMC CANSIP","OND",-0.5
"CMC CANSIP","NDJ",-0.63
"CMC CANSIP","DJF",-0.68
"CMC CANSIP","JFM",-0.58
"CMC CANSIP","FMA",-0.47
"COLA CCSM4","OND",-0.66
"COLA CCSM4","NDJ",-0.861
"COLA CCSM4","DJF",-1.09
"COLA CCSM4","JFM",-1.077
"COLA CCSM4","FMA",-0.778
"CS-IRI-MM","OND",-0.28
"CS-IRI-MM","NDJ",-0.38
"CS-IRI-MM","DJF",-0.39
"CS-IRI-MM","JFM",-0.28
"CS-IRI-MM","FMA",-0.07
"DWD","OND",-0.4227724075317383
"DWD","NDJ",-0.38481661677360535
"DWD","DJF",-0.35148584842681885
"DWD","JFM",-0.28203722834587097
"DWD","FMA",NaN
"ECMWF","OND",-0.22666666666666666
"ECMWF","NDJ",-0.2866666666666667
"ECMWF","DJF",-0.30666666666666664
"ECMWF","JFM",-0.21
"ECMWF","FMA",-0.02
"GFDL SPEAR","OND",-0.27499588166236877
"GFDL SPEAR","NDJ",-0.34389359092500466
"GFDL SPEAR","DJF",-0.3429878336623862
"GFDL SPEAR","JFM",-0.2583041037951574
"GFDL SPEAR","FMA",-0.10296998350743887
"IOCAS ICM","OND",-0.38
"IOCAS ICM","NDJ",-0.45
"IOCAS ICM","DJF",-0.56
"IOCAS ICM","JFM",-0.57
"IOCAS ICM","FMA",-0.5
"JMA","OND",-0.5166666666666667
"JMA","NDJ",-0.5966666666666667
"JMA","DJF",-0.5933333333333334
"JMA","JFM",-0.5233333333333333
"JMA","FMA",-0.37000000000000005
"KMA","OND",-0.645
"KMA","NDJ",-0.701
"KMA","DJF",-0.674
"KMA","JFM",-0.478
"KMA","FMA",-0.14
"LDEO","OND",-0.432
"LDEO","NDJ",-0.444
"LDEO","DJF",-0.37366666666666665
"LDEO","JFM",-0.23766666666666666
"LDEO","FMA",-0.12166666666666666
"MetFRANCE","OND",-0.662378
"MetFRANCE","NDJ",-0.6956116666666666
"MetFRANCE","DJF",-0.558652
"MetFRANCE","JFM",-0.33732696666666667
"MetFRANCE","FMA",-0.08571463333333335
"NCEP CFSv2","OND",-1.08
"NCEP CFSv2","NDJ",-1.08
"NCEP CFSv2","DJF",-0.9
"NCEP CFSv2","JFM",-0.52
"NCEP CFSv2","FMA",-0.13
"SINTEX-F","OND",-0.538359
"SINTEX-F","NDJ",-0.583883
"SINTEX-F","DJF",-0.511298
"SINTEX-F","JFM",-0.403383
"SINTEX-F","FMA",-0.306561
"UKMO","OND",-0.63
"UKMO","NDJ",-0.8
"UKMO","DJF",-0.81
"UKMO","JFM",-0.63
"UKMO","FMA",NaN
"AUS-ACCESS","NDJ",-0.24666666666666667
"AUS-ACCESS","DJF",-0.16666666666666666
"AUS-ACCESS","JFM",0.03333333333333335
"AUS-ACCESS","FMA",0.3
"AUS-ACCESS","MAM",NaN
"BCC_CSM11m","NDJ",-0.11
"BCC_CSM11m","DJF",0.15
"BCC_CSM11m","JFM",0.4
"BCC_CSM11m","FMA",0.63
"BCC_CSM11m","MAM",0.82
"CMC CANSIP","NDJ",-0.54
"CMC CANSIP","DJF",-0.6
"CMC CANSIP","JFM",-0.52
"CMC CANSIP","FMA",-0.41
"CMC CANSIP","MAM",-0.36
"COLA CCSM4","NDJ",-0.774
"COLA CCSM4","DJF",-1.056
"COLA CCSM4","JFM",-1.199
"COLA CCSM4","FMA",-1.044
"COLA CCSM4","MAM",-0.677
"CS-IRI-MM","NDJ",-0.13
"CS-IRI-MM","DJF",-0.08
"CS-IRI-MM","JFM",0.04
"CS-IRI-MM","FMA",0.19
"CS-IRI-MM","MAM",0.27
"DWD","NDJ",-0.4061133861541748
"DWD","DJF",-0.3856486479441325
"DWD","JFM",-0.3352959156036377
"DWD","FMA",-0.29983580112457275
"DWD","MAM",NaN
"ECMWF","NDJ",-0.4633333333333334
"ECMWF","DJF",-0.5633333333333334
"ECMWF","JFM",-0.4933333333333334
"ECMWF","FMA",-0.3066666666666667
"ECMWF","MAM",-0.10666666666666667
"GFDL SPEAR","NDJ",-0.10583098224074759
"GFDL SPEAR","DJF",-0.0635077823426989
"GFDL SPEAR","JFM",0.038648463695314134
"GFDL SPEAR","FMA",0.16959150241922452
"GFDL SPEAR","MAM",0.24674929958767367
"IOCAS ICM","NDJ",-0.3
"IOCAS ICM","DJF",-0.34
"IOCAS ICM","JFM",-0.41
"IOCAS ICM","FMA",-0.37
"IOCAS ICM","MAM",-0.3
"JMA","NDJ",-0.6333333333333333
"JMA","DJF",-0.7033333333333333
"JMA","JFM",-0.6066666666666667
"JMA","FMA",-0.37000000000000005
"JMA","MAM",-0.20000000000000004
"KMA","NDJ",-0.777
"KMA","DJF",-0.849
"KMA","JFM",-0.694
"KMA","FMA",-0.434
"KMA","MAM",NaN
"LDEO","NDJ",-0.20633333333333334
"LDEO","DJF",-0.17800000000000002
"LDEO","JFM",-0.12033333333333335
"LDEO","FMA",-0.072
"LDEO","MAM",-0.030666666666666665
"MetFRANCE","NDJ",-0.5140726666666667
"MetFRANCE","DJF",-0.43803233333333336
"MetFRANCE","JFM",-0.20179633333333333
"MetFRANCE","FMA",0.10628666666666668
"MetFRANCE","MAM",0.22590100000000002
"NCEP CFSv2","NDJ",-0.96
"NCEP CFSv2","DJF",-0.95
"NCEP CFSv2","JFM",-0.68
"NCEP CFSv2","FMA",-0.36
"NCEP CFSv2","MAM",-0.16
"SINTEX-F","NDJ",-0.521376
"SINTEX-F","DJF",-0.489199
"SINTEX-F","JFM",-0.336153
"SINTEX-F","FMA",-0.218306
"SINTEX-F","MAM",-0.143315
"UKMO","NDJ",-0.82
"UKMO","DJF",-0.94
"UKMO","JFM",-0.86
"UKMO","FMA",-0.64
"UKMO","MAM",NaN
"AUS-ACCESS","DJF",-0.5333333333333333
"AUS-ACCESS","JFM",-0.43333333333333335
"AUS-ACCESS","FMA",-0.2333333333333333
"AUS-ACCESS","MAM",-0.06666666666666667
"AUS-ACCESS","AMJ",NaN
"BCC_CSM11m","DJF",-0.43
"BCC_CSM11m","JFM",-0.22
"BCC_CSM11m","FMA",0.09
"BCC_CSM11m","MAM",0.35
"BCC_CSM11m","AMJ",0.64
"CMC CANSIP","DJF",-0.49
"CMC CANSIP","JFM",-0.41
"CMC CANSIP","FMA",-0.29
"CMC CANSIP","MAM",-0.24
"CMC CANSIP","AMJ",-0.23
"COLA CCSM4","DJF",-0.991
"COLA CCSM4","JFM",-1.034
"COLA CCSM4","FMA",-0.838
"COLA CCSM4","MAM",-0.499
"COLA CCSM4","AMJ",-0.205
"CS-IRI-MM","DJF",0
"CS-IRI-MM","JFM",0.15
"CS-IRI-MM","FMA",0.25
"CS-IRI-MM","MAM",0.31
"CS-IRI-MM","AMJ",0.33
"DWD","DJF",-0.47070006529490155
"DWD","JFM",-0.3860427538553874
"DWD","FMA",-0.3562195301055908
"DWD","MAM",-0.37733415762583417
"DWD","AMJ",NaN
"ECMWF","DJF",-0.5733333333333334
"ECMWF","JFM",-0.4766666666666666
"ECMWF","FMA",-0.2866666666666667
"ECMWF","MAM",-0.12333333333333331
"ECMWF","AMJ",-0.016666666666666666
"GFDL SPEAR","DJF",-0.010921525911755048
"GFDL SPEAR","JFM",0.147455809833032
"GFDL SPEAR","FMA",0.25510261163570264
"GFDL SPEAR","MAM",0.3090821067096569
"GFDL SPEAR","AMJ",0.31309726220448814
"IOCAS ICM","DJF",-0.27
"IOCAS ICM","JFM",-0.28
"IOCAS ICM","FMA",-0.27
"IOCAS ICM","MAM",-0.22
"IOCAS ICM","AMJ",-0.22
"JMA","DJF",-0.6333333333333334
"JMA","JFM",-0.5366666666666667
"JMA","FMA",-0.31
"JMA","MAM",-0.15666666666666665
"JMA","AMJ",-0.08666666666666667
"KMA","DJF",-0.76
"KMA","JFM",-0.71
"KMA","FMA",-0.47
"KMA","MAM",-0.3
"KMA","AMJ",NaN
"LDEO","DJF",-0.10666666666666667
"LDEO","JFM",-0.024333333333333332
"LDEO","FMA",0.04
"LDEO","MAM",0.08866666666666667
"LDEO","AMJ",0.153
"MetFRANCE","DJF",-0.6846476666666667
"MetFRANCE","JFM",-0.43950439999999996
"MetFRANCE","FMA",-0.16149916666666667
"MetFRANCE","MAM",-0.05901916666666666
"MetFRANCE","AMJ",-0.04642506666666666
"NCEP CFSv2","DJF",-1.1
"NCEP CFSv2","JFM",-0.98
"NCEP CFSv2","FMA",-0.69
"NCEP CFSv2","MAM",-0.48
"NCEP CFSv2","AMJ",-0.43
"SINTEX-F","DJF",-0.682319
"SINTEX-F","JFM",-0.614655
"SINTEX-F","FMA",-0.477124
"SINTEX-F","MAM",-0.373944
"SINTEX-F","AMJ",-0.260036
"UKMO","DJF",-0.81
"UKMO","JFM",-0.81
"UKMO","FMA",-0.62
"UKMO","MAM",-0.43
"UKMO","AMJ",NaN
"AUS-ACCESS","JFM",-0.43333333333333335
"AUS-ACCESS","FMA",-0.23333333333333336
"AUS-ACCESS","MAM",-0.10000000000000002
"AUS-ACCESS","AMJ",0.06666666666666667
"AUS-ACCESS","MJJ",NaN
"BCC DIAP","JFM",-0.89
"BCC DIAP","FMA",-0.6
"BCC DIAP","MAM",-0.24
"BCC DIAP","AMJ",0.15
"BCC DIAP","MJJ",0.57
"CMC CANSIP","JFM",-0.61
"CMC CANSIP","FMA",-0.43
"CMC CANSIP","MAM",-0.32
"CMC CANSIP","AMJ",-0.26
"CMC CANSIP","MJJ",-0.2
"COLA CCSM4","JFM",-1.082
"COLA CCSM4","FMA",-0.925
"COLA CCSM4","MAM",-0.726
"COLA CCSM4","AMJ",-0.507
"COLA CCSM4","MJJ",-0.345
"CS-IRI-MM","JFM",-0.09
"CS-IRI-MM","FMA",0.1
"CS-IRI-MM","MAM",0.21
"CS-IRI-MM","AMJ",0.25
"CS-IRI-MM","MJJ",0.22
"DWD","JFM",-0.7324016888936361
"DWD","FMA",-0.6563427448272705
"DWD","MAM",-0.6100689570109049
"DWD","AMJ",-0.6020685434341431
"DWD","MJJ",NaN
"ECMWF","JFM",-0.5633333333333334
"ECMWF","FMA",-0.32999999999999996
"ECMWF","MAM",-0.10999999999999999
"ECMWF","AMJ",0.07666666666666667
"ECMWF","MJJ",0.22666666666666668
"GFDL SPEAR","JFM",-0.08068376018559507
"GFDL SPEAR","FMA",0.09384035159111016
"GFDL SPEAR","MAM",0.18723543659316166
"GFDL SPEAR","AMJ",0.23469228117624916
"GFDL SPEAR","MJJ",0.2505928536376247
"IOCAS ICM","JFM",-0.52
"IOCAS ICM","FMA",-0.47
"IOCAS ICM","MAM",-0.37
"IOCAS ICM","AMJ",-0.34
"IOCAS ICM","MJJ",-0.37
"JMA","JFM",-0.5933333333333334
"JMA","FMA",-0.3399999999999999
"JMA","MAM",-0.17999999999999997
"JMA","AMJ",-0.09000000000000001
"JMA","MJJ",-0.04666666666666667
"KMA","JFM",-0.661
"KMA","FMA",-0.473
"KMA","MAM",-0.31
"KMA","AMJ",-0.206
"KMA","MJJ",NaN
"LDEO","JFM",-0.19733333333333333
"LDEO","FMA",-0.14166666666666666
"LDEO","MAM",-0.142
"LDEO","AMJ",-0.163
"LDEO","MJJ",-0.16866666666666666
"MetFRANCE","JFM",-0.5367328666666668
"MetFRANCE","FMA",-0.27607346666666666
"MetFRANCE","MAM",-0.0984988
"MetFRANCE","AMJ",-0.03491846666666667
"MetFRANCE","MJJ",0.0773408
"NCEP CFSv2","JFM",-0.87
"NCEP CFSv2","FMA",-0.62
"NCEP CFSv2","MAM",-0.4
"NCEP CFSv2","AMJ",-0.29
"NCEP CFSv2","MJJ",-0.2
"SINTEX-F","JFM",-0.447844
"SINTEX-F","FMA",-0.288999
"SINTEX-F","MAM",-0.24253
"SINTEX-F","AMJ",-0.18755
"SINTEX-F","MJJ",-0.0929807
"UKMO","JFM",-0.53
"UKMO","FMA",-0.41
"UKMO","MAM",-0.24
"UKMO","AMJ",-0.09
"UKMO","MJJ",NaN
"AUS-ACCESS","FMA",-0.26666666666666666
"AUS-ACCESS","MAM",-0.10000000000000002
"AUS-ACCESS","AMJ",0.033333333333333326
"AUS-ACCESS","MJJ",0.26666666666666666
"AUS-ACCESS","JJA",NaN
"BCC DIAP","FMA",-0.3
"BCC DIAP","MAM",0.16
"BCC DIAP","AMJ",0.57
"BCC DIAP","MJJ",0.98
"BCC DIAP","JJA",1.29
"CMC CANSIP","FMA",-0.39
"CMC CANSIP","MAM",-0.27
"CMC CANSIP","AMJ",-0.27
"CMC CANSIP","MJJ",-0.18
"CMC CANSIP","JJA",-0.09
"COLA CCSM4","FMA",-0.7378
"COLA CCSM4","MAM",-0.5558
"COLA CCSM4","AMJ",-0.4227
"COLA CCSM4","MJJ",-0.3706
"COLA CCSM4","JJA",-0.4428
"CS-IRI-MM","FMA",-0.06
"CS-IRI-MM","MAM",0.12
"CS-IRI-MM","AMJ",0.18
"CS-IRI-MM","MJJ",0.16
"CS-IRI-MM","JJA",0.08
"DWD","FMA",-0.5274337530136108
"DWD","MAM",-0.46160340309143066
"DWD","AMJ",-0.5385619799296061
"DWD","MJJ",-0.5615082184473673
"DWD","JJA",NaN
"ECMWF","FMA",-0.24666666666666667
"ECMWF","MAM",-0.04
"ECMWF","AMJ",0.10999999999999999
"ECMWF","MJJ",0.26333333333333336
"ECMWF","JJA",0.38999999999999996
"GFDL SPEAR","FMA",0.013469657270996619
"GFDL SPEAR","MAM",0.19899755927368448
"GFDL SPEAR","AMJ",0.2193851554739917
"GFDL SPEAR","MJJ",0.19689778691115212
"GFDL SPEAR","JJA",0.08740097153169146
"IOCAS ICM","FMA",-0.58
"IOCAS ICM","MAM",-0.51
"IOCAS ICM","AMJ",-0.45
"IOCAS ICM","MJJ",-0.46
"IOCAS ICM","JJA",-0.51
"JMA","FMA",-0.41
"JMA","MAM",-0.19000000000000003
"JMA","AMJ",-0.04666666666666667
"JMA","MJJ",0.06999999999999999
"JMA","JJA",0.15666666666666668
"KMA","FMA",-0.3
"KMA","MAM",-0.1
"KMA","AMJ",0
"KMA","MJJ",0.1
"KMA","JJA",NaN
"LDEO","FMA",-0.38000000000000006
"LDEO","MAM",-0.37033333333333335
"LDEO","AMJ",-0.4343333333333333
"LDEO","MJJ",-0.5056666666666667
"LDEO","JJA",-0.6073333333333334
"MetFRANCE","FMA",-0.7339513333333333
"MetFRANCE","MAM",-0.5364773333333334
"MetFRANCE","AMJ",-0.3993616666666666
"MetFRANCE","MJJ",-0.3153316666666666
"MetFRANCE","JJA",-0.17080866666666664
"NCEP CFSv2","FMA",-0.52
"NCEP CFSv2","MAM",-0.32
"NCEP CFSv2","AMJ",-0.21
"NCEP CFSv2","MJJ",-0.13
"NCEP CFSv2","JJA",-0.03
"SINTEX-F","FMA",-0.324529
"SINTEX-F","MAM",-0.227382
"SINTEX-F","AMJ",-0.220116
"SINTEX-F","MJJ",-0.158205
"SINTEX-F","JJA",-0.0851162
"UKMO","FMA",-0.34
"UKMO","MAM",-0.22
"UKMO","AMJ",-0.11
"UKMO","MJJ",0
"UKMO","JJA",NaN
"AUS-ACCESS","MAM",0.2333333333333333
"AUS-ACCESS","AMJ",0.3
"AUS-ACCESS","MJJ",0.5
"AUS-ACCESS","JJA",0.6333333333333333
"AUS-ACCESS","JAS",NaN
"BCC DIAP","MAM",-0.16
"BCC DIAP","AMJ",-0.06
"BCC DIAP","MJJ",0.07
"BCC DIAP","JJA",0.19
"BCC DIAP","JAS",0.26
"CMC CANSIP","MAM",-0.15
"CMC CANSIP","AMJ",-0.27
"CMC CANSIP","MJJ",-0.24
"CMC CANSIP","JJA",-0.16
"CMC CANSIP","JAS",-0.12
"COLA CCSM4","MAM",-0.103
"COLA CCSM4","AMJ",-0.1121
"COLA CCSM4","MJJ",-0.1433
"COLA CCSM4","JJA",-0.2962
"COLA CCSM4","JAS",-0.5384
"CS-IRI-MM","MAM",0.06
"CS-IRI-MM","AMJ",0.16
"CS-IRI-MM","MJJ",0.19
"CS-IRI-MM","JJA",0.17
"CS-IRI-MM","JAS",0.05
"DWD","MAM",-0.5141288042068481
"DWD","AMJ",-0.6006255149841309
"DWD","MJJ",-0.5783421993255615
"DWD","JJA",-0.49846963087717694
"DWD","JAS",NaN
"ECMWF","MAM",-0.03666666666666667
"ECMWF","AMJ",0.003333333333333336
"ECMWF","MJJ",0.12666666666666668
"ECMWF","JJA",0.2366666666666667
"ECMWF","JAS",0.25666666666666665
"GFDL SPEAR","MAM",0.10498232705151589
"GFDL SPEAR","AMJ",0.19245475225978423
"GFDL SPEAR","MJJ",0.2562379396311439
"GFDL SPEAR","JJA",0.22032783137745318
"GFDL SPEAR","JAS",0.0880766122475377
"IOCAS ICM","MAM",0.03
"IOCAS ICM","AMJ",0.02
"IOCAS ICM","MJJ",-0.02
"IOCAS ICM","JJA",-0.06
"IOCAS ICM","JAS",-0.11
"JMA","MAM",-0.03666666666666667
"JMA","AMJ",-0.06
"JMA","MJJ",-0.06333333333333334
"JMA","JJA",-0.10333333333333333
"JMA","JAS",-0.18666666666666668
"KMA","MAM",0.1
"KMA","AMJ",0.1
"KMA","MJJ",0.2
"KMA","JJA",0.2
"KMA","JAS",NaN
"LDEO","MAM",-0.287
"LDEO","AMJ",-0.21733333333333335
"LDEO","MJJ",-0.18133333333333335
"LDEO","JJA",-0.20566666666666666
"LDEO","JAS",-0.327
"MetFRANCE","MAM",-0.32096600000000003
"MetFRANCE","AMJ",-0.332742
"MetFRANCE","MJJ",-0.21944366666666668
"MetFRANCE","JJA",-0.07332139
"MetFRANCE","JAS",-0.02796562333333333
"NCEP CFSv2","MAM",-0.35
"NCEP CFSv2","AMJ",-0.37
"NCEP CFSv2","MJJ",-0.33
"NCEP CFSv2","JJA",-0.27
"NCEP CFSv2","JAS",-0.23
"SINTEX-F","MAM",-0.203085
"SINTEX-F","AMJ",-0.173032
"SINTEX-F","MJJ",-0.0355562
"SINTEX-F","JJA",0.129036
"SINTEX-F","JAS",0.227202
"UKMO","MAM",-0.07
"UKMO","AMJ",0
"UKMO","MJJ",0.01
"UKMO","JJA",-0.05
"UKMO","JAS",NaN
"AUS-ACCESS","AMJ",0.23333333333333336
"AUS-ACCESS","MJJ",0.4000000000000001
"AUS-ACCESS","JJA",0.5333333333333333
"AUS-ACCESS","JAS",0.5666666666666667
"AUS-ACCESS","ASO",NaN
"BCC DIAP","AMJ",0.29
"BCC DIAP","MJJ",0.42
"BCC DIAP","JJA",0.51
"BCC DIAP","JAS",0.59
"BCC DIAP","ASO",0.68
"CMC CANSIP","AMJ",-0.2
"CMC CANSIP","MJJ",-0.22
"CMC CANSIP","JJA",-0.21
"CMC CANSIP","JAS",-0.18
"CMC CANSIP","ASO",-0.18
"COLA CCSM4","AMJ",0.0232
"COLA CCSM4","MJJ",0.0352
"COLA CCSM4","JJA",-0.1052
"COLA CCSM4","JAS",-0.3144
"COLA CCSM4","ASO",-0.5291
"CS-IRI-MM","AMJ",0.32
"CS-IRI-MM","MJJ",0.45
"CS-IRI-MM","JJA",0.47
"CS-IRI-MM","JAS",0.35
"CS-IRI-MM","ASO",0.22
"ECMWF","AMJ",0.19000000000000003
"ECMWF","MJJ",0.33
"ECMWF","JJA",0.42333333333333334
"ECMWF","JAS",0.42333333333333334
"ECMWF","ASO",0.39666666666666667
"GFDL SPEAR","AMJ",0.3491038489264027
"GFDL SPEAR","MJJ",0.5514481414869093
"GFDL SPEAR","JJA",0.6200488095329425
"GFDL SPEAR","JAS",0.47824563768528106
"GFDL SPEAR","ASO",0.2487836466958788
"IOCAS ICM","AMJ",-0.19
"IOCAS ICM","MJJ",-0.19
"IOCAS ICM","JJA",-0.21
"IOCAS ICM","JAS",-0.26
"IOCAS ICM","ASO",-0.38
"JMA","AMJ",-0.06
"JMA","MJJ",-0.023333333333333334
"JMA","JJA",-0.049999999999999996
"JMA","JAS",-0.09666666666666668
"JMA","ASO",-0.1366666666666667
"KMA","AMJ",0.086
"KMA","MJJ",0.113
"KMA","JJA",0.085
"KMA","JAS",0.007
"KMA","ASO",NaN
"LDEO","AMJ",0.329
"LDEO","MJJ",0.47733333333333333
"LDEO","JJA",0.5243333333333333
"LDEO","JAS",0.4736666666666666
"LDEO","ASO",0.41766666666666663
"MetFRANCE","AMJ",0.0927063
"MetFRANCE","MJJ",0.05363563333333333
"MetFRANCE","JJA",0.11882033333333335
"MetFRANCE","JAS",0.155673
"MetFRANCE","ASO",0.1877386666666667
"NCEP CFSv2","AMJ",-0.13
"NCEP CFSv2","MJJ",0.05
"NCEP CFSv2","JJA",0.25
"NCEP CFSv2","JAS",0.36
"NCEP CFSv2","ASO",0.44
"SINTEX-F","AMJ",0.0192366
"SINTEX-F","MJJ",0.00467778
"SINTEX-F","JJA",-0.024071
"SINTEX-F","JAS",-0.0696258
"SINTEX-F","ASO",-0.0896759
"UKMO","AMJ",0.03
"UKMO","MJJ",-0.02
"UKMO","JJA",-0.14
"UKMO","JAS",-0.31
"UKMO","ASO",NaN
"AUS-ACCESS","MJJ",0.3666666666666667
"AUS-ACCESS","JJA",0.4000000000000001
"AUS-ACCESS","JAS",0.4000000000000001
"AUS-ACCESS","ASO",0.3666666666666667
"AUS-ACCESS","SON",NaN
"BCC DIAP","MJJ",0.4
"BCC DIAP","JJA",0.51
"BCC DIAP","JAS",0.58
"BCC DIAP","ASO",0.71
"BCC DIAP","SON",0.76
"CMC CANSIP","MJJ",-0.17
"CMC CANSIP","JJA",-0.2
"CMC CANSIP","JAS",-0.2
"CMC CANSIP","ASO",-0.21
"CMC CANSIP","SON",-0.24
"COLA CCSM4","MJJ",0.1139
"COLA CCSM4","JJA",0.0054
"COLA CCSM4","JAS",-0.195
"COLA CCSM4","ASO",-0.3546
"COLA CCSM4","SON",-0.5194
"CS-IRI-MM","MJJ",0.3
"CS-IRI-MM","JJA",0.33
"CS-IRI-MM","JAS",0.2
"CS-IRI-MM","ASO",0.02
"CS-IRI-MM","SON",-0.19
"ECMWF","MJJ",0.21
"ECMWF","JJA",0.22333333333333336
"ECMWF","JAS",0.17333333333333334
"ECMWF","ASO",0.12333333333333334
"ECMWF","SON",0.13333333333333333
"GFDL SPEAR","MJJ",0.34015950695885544
"GFDL SPEAR","JJA",0.4034885190426862
"GFDL SPEAR","JAS",0.24121267676141525
"GFDL SPEAR","ASO",-0.05165394856523583
"GFDL SPEAR","SON",-0.3191802441770059
"IOCAS ICM","MJJ",0.23
"IOCAS ICM","JJA",0.24
"IOCAS ICM","JAS",0.24
"IOCAS ICM","ASO",0.19
"IOCAS ICM","SON",0.04
"JMA","MJJ",-0.10666666666666667
"JMA","JJA",-0.26333333333333336
"JMA","JAS",-0.41333333333333333
"JMA","ASO",-0.48333333333333334
"JMA","SON",-0.49
"KMA","MJJ",0.07
"KMA","JJA",-0.023
"KMA","JAS",-0.185
"KMA","ASO",-0.332
"KMA","SON",NaN
"LDEO","MJJ",0.307
"LDEO","JJA",0.4053333333333333
"LDEO","JAS",0.4033333333333333
"LDEO","ASO",0.3953333333333333
"LDEO","SON",0.476
"MetFRANCE","MJJ",-0.1590472
"MetFRANCE","JJA",-0.06087493333333333
"MetFRANCE","JAS",-0.008589899999999998
"MetFRANCE","ASO",0.004772643333333335
"MetFRANCE","SON",-0.005299506666666665
"NCEP CFSv2","MJJ",0.08
"NCEP CFSv2","JJA",0.06
"NCEP CFSv2","JAS",-0.01
"NCEP CFSv2","ASO",-0.07
"NCEP CFSv2","SON",-0.1
"SINTEX-F","MJJ",-0.262925
"SINTEX-F","JJA",-0.312922
"SINTEX-F","JAS",-0.428396
"SINTEX-F","ASO",-0.544594
"SINTEX-F","SON",-0.62859
"UKMO","MJJ",-0.18
"UKMO","JJA",-0.38
"UKMO","JAS",-0.67
"UKMO","ASO",-0.92
"UKMO","SON",NaN
"AUS-ACCESS","JJA",0.4000000000000001
"AUS-ACCESS","JAS",0.43333333333333335
"AUS-ACCESS","ASO",0.43333333333333335
"AUS-ACCESS","SON",0.4666666666666666
"AUS-ACCESS","OND",NaN
"BCC DIAP","JJA",0.27
"BCC DIAP","JAS",0.3
"BCC DIAP","ASO",0.36
"BCC DIAP","SON",0.47
"BCC DIAP","OND",0.56
"CMC CANSIP","JJA",0.03
"CMC CANSIP","JAS",0.02
"CMC CANSIP","ASO",-0.04
"CMC CANSIP","SON",-0.09
"CMC CANSIP","OND",-0.09
"COLA CCSM4","JJA",0.2019
"COLA CCSM4","JAS",0.1056
"COLA CCSM4","ASO",-0.1071
"COLA CCSM4","SON",-0.2253
"COLA CCSM4","OND",-0.2736
"CS-IRI-MM","JJA",0.05
"CS-IRI-MM","JAS",0.01
"CS-IRI-MM","ASO",-0.08
"CS-IRI-MM","SON",-0.12
"CS-IRI-MM","OND",-0.13
"ECMWF","JJA",0.26666666666666666
"ECMWF","JAS",0.27
"ECMWF","ASO",0.21
"ECMWF","SON",0.17666666666666667
"ECMWF","OND",0.14333333333333334
"IOCAS ICM","JJA",0.01
"IOCAS ICM","JAS",0.03
"IOCAS ICM","ASO",0.01
"IOCAS ICM","SON",-0.08
"IOCAS ICM","OND",-0.22
"JMA","JJA",-0.13
"JMA","JAS",-0.22
"JMA","ASO",-0.33
"JMA","SON",-0.39999999999999997
"JMA","OND",-0.39666666666666667
"KMA","JJA",NaN
"KMA","JAS",NaN
"KMA","ASO",NaN
"KMA","SON",NaN
"KMA","OND",NaN
"LDEO","JJA",0.2733333333333334
"LDEO","JAS",0.28400000000000003
"LDEO","ASO",0.256
"LDEO","SON",0.30133333333333334
"LDEO","OND",0.35166666666666674
"MetFRANCE","JJA",-0.212769
"MetFRANCE","JAS",-0.07610726666666667
"MetFRANCE","ASO",-0.028605099999999998
"MetFRANCE","SON",-0.0324247
"MetFRANCE","OND",-0.0159381
"NCEP CFSv2","JJA",0.08
"NCEP CFSv2","JAS",0.05
"NCEP CFSv2","ASO",-0.02
"NCEP CFSv2","SON",-0.08
"NCEP CFSv2","OND",-0.1
"SINTEX-F","JJA",-0.222668
"SINTEX-F","JAS",-0.270956
"SINTEX-F","ASO",-0.293657
"SINTEX-F","SON",-0.290159
"SINTEX-F","OND",-0.254346
"UKMO","JJA",-0.28
"UKMO","JAS",-0.48
"UKMO","ASO",-0.67
"UKMO","SON",-0.76
"UKMO","OND",NaN
"AUS-ACCESS","JAS",-0.03333333333333333
"AUS-ACCESS","ASO",-0.13333333333333333
"AUS-ACCESS","SON",-0.10000000000000002
"AUS-ACCESS","OND",-0.06666666666666667
"AUS-ACCESS","NDJ",NaN
"BCC DIAP","JAS",0.25
"BCC DIAP","ASO",0.3
"BCC DIAP","SON",0.33
"BCC DIAP","OND",0.37
"BCC DIAP","NDJ",0.42
"CMC CANSIP","JAS",-0.23
"CMC CANSIP","ASO",-0.37
"CMC CANSIP","SON",-0.43
"CMC CANSIP","OND",-0.44
"CMC CANSIP","NDJ",-0.37
"COLA CCSM4","JAS",-0.0354
"COLA CCSM4","ASO",-0.2989
"COLA CCSM4","SON",-0.5041
"COLA CCSM4","OND",-0.5681
"COLA CCSM4","NDJ",-0.5237
"CS-IRI-MM","JAS",-0.18
"CS-IRI-MM","ASO",-0.33
"CS-IRI-MM","SON",-0.54
"CS-IRI-MM","OND",-0.58
"CS-IRI-MM","NDJ",-0.35
"ECMWF","JAS",-0.026666666666666672
"ECMWF","ASO",-0.12666666666666668
"ECMWF","SON",-0.11333333333333334
"ECMWF","OND",-0.09666666666666668
"ECMWF","NDJ",-0.09000000000000001
"IOCAS ICM","JAS",0.18
"IOCAS ICM","ASO",0.11
"IOCAS ICM","SON",-0.05
"IOCAS ICM","OND",-0.22
"IOCAS ICM","NDJ",-0.36
"JMA","JAS",-0.5133333333333333
"JMA","ASO",-0.7366666666666667
"JMA","SON",-0.8633333333333333
"JMA","OND",-0.8633333333333333
"JMA","NDJ",-0.7999999999999999
"KMA","JAS",-0.371
"KMA","ASO",-0.62
"KMA","SON",-0.67
"KMA","OND",-0.69
"KMA","NDJ",NaN
"LDEO","JAS",0.06999999999999999
"LDEO","ASO",0.011666666666666664
"LDEO","SON",-0.014666666666666666
"LDEO","OND",-0.019333333333333334
"LDEO","NDJ",-0.024999999999999998
"MetFRANCE","JAS",-0.40500066666666673
"MetFRANCE","ASO",-0.493708
"MetFRANCE","SON",-0.558013
"MetFRANCE","OND",-0.5905213333333332
"MetFRANCE","NDJ",-0.5404589999999999
"NCEP CFSv2","JAS",-0.17
"NCEP CFSv2","ASO",-0.38
"NCEP CFSv2","SON",-0.55
"NCEP CFSv2","OND",-0.57
"NCEP CFSv2","NDJ",-0.51
"SINTEX-F","JAS",-0.277287
"SINTEX-F","ASO",-0.323776
"SINTEX-F","SON",-0.34063
"SINTEX-F","OND",-0.316204
"SINTEX-F","NDJ",-0.230321
"UKMO","JAS",-0.5
"UKMO","ASO",-0.7
"UKMO","SON",-0.8
"UKMO","OND",-0.84
"UKMO","NDJ",NaN
"AUS-ACCESS","ASO",-0.17666666666666667
"AUS-ACCESS","SON",-0.16666666666666666
"AUS-ACCESS","OND",-0.10000000000000002
"AUS-ACCESS","NDJ",0.03333333333333333
"AUS-ACCESS","DJF",NaN
"BCC DIAP","ASO",0.05
"BCC DIAP","SON",0.07
"BCC DIAP","OND",0.09
"BCC DIAP","NDJ",0.11
"BCC DIAP","DJF",0.15
"CMC CANSIP","ASO",-0.26
"CMC CANSIP","SON",-0.28
"CMC CANSIP","OND",-0.26
"CMC CANSIP","NDJ",-0.15
"CMC CANSIP","DJF",-0.03
"COLA CCSM4","ASO",-0.3699
"COLA CCSM4","SON",-0.5789
"COLA CCSM4","OND",-0.7824
"COLA CCSM4","NDJ",-0.718
"COLA CCSM4","DJF",-0.4729
"CS-IRI-MM","ASO",-0.11
"CS-IRI-MM","SON",-0.14
"CS-IRI-MM","OND",-0.18
"CS-IRI-MM","NDJ",-0.15
"CS-IRI-MM","DJF",-0.06
"ECMWF","ASO",-0.25333333333333335
"ECMWF","SON",-0.21
"ECMWF","OND",-0.19000000000000003
"ECMWF","NDJ",-0.15666666666666665
"ECMWF","DJF",-0.08000000000000002
"IOCAS ICM","ASO",-0.18
"IOCAS ICM","SON",-0.31
"IOCAS ICM","OND",-0.5
"IOCAS ICM","NDJ",-0.64
"IOCAS ICM","DJF",-0.64
"JMA","ASO",-0.36000000000000004
"JMA","SON",-0.43333333333333335
"JMA","OND",-0.41333333333333333
"JMA","NDJ",-0.33666666666666667
"JMA","DJF",-0.17333333333333334
"KMA","ASO",-0.539
"KMA","SON",-0.625
"KMA","OND",-0.644
"KMA","NDJ",-0.541
"KMA","DJF",NaN
"LDEO","ASO",-0.12166666666666666
"LDEO","SON",-0.14933333333333335
"LDEO","OND",-0.17766666666666667
"LDEO","NDJ",-0.19299999999999998
"LDEO","DJF",-0.22166666666666668
"MetFRANCE","ASO",-0.5412163333333333
"MetFRANCE","SON",-0.591847
"MetFRANCE","OND",-0.5874753333333332
"MetFRANCE","NDJ",-0.474554
"MetFRANCE","DJF",-0.31956266666666666
"NCEP CFSv2","ASO",-0.46
"NCEP CFSv2","SON",-0.65
"NCEP CFSv2","OND",-0.8
"NCEP CFSv2","NDJ",-0.72
"NCEP CFSv2","DJF",-0.5
"SINTEX-F","ASO",-0.152772
"SINTEX-F","SON",-0.13712
"SINTEX-F","OND",-0.118988
"SINTEX-F","NDJ",-0.0458029
"SINTEX-F","DJF",0.0682886
"UKMO","ASO",-0.68
"UKMO","SON",-0.79
"UKMO","OND",-0.74
"UKMO","NDJ",-0.59
"UKMO","DJF",NaN
"AUS-ACCESS","SON",-0.43333333333333335
"AUS-ACCESS","OND",-0.3666666666666667
"AUS-ACCESS","NDJ",-0.20000000000000004
"AUS-ACCESS","DJF",0.033333333333333326
"AUS-ACCESS","JFM",NaN
"BCC DIAP","SON",-0.06
"BCC DIAP","OND",-0.13
"BCC DIAP","NDJ",-0.21
"BCC DIAP","DJF",-0.25
"BCC DIAP","JFM",-0.19
"CMC CANSIP","SON",-0.7
"CMC CANSIP","OND",-0.75
"CMC CANSIP","NDJ",-0.66
"CMC CANSIP","DJF",-0.47
"CMC CANSIP","JFM",-0.28
"COLA CCSM4","SON",-0.6397
"COLA CCSM4","OND",-0.7957
"COLA CCSM4","NDJ",-0.8746
"COLA CCSM4","DJF",-0.7355
"COLA CCSM4","JFM",-0.4508
"CS-IRI-MM","SON",-0.4
"CS-IRI-MM","OND",-0.43
"CS-IRI-MM","NDJ",-0.45
"CS-IRI-MM","DJF",-0.38
"CS-IRI-MM","JFM",-0.22
"GFDL SPEAR","SON",-0.4079932714345719
"GFDL SPEAR","OND",-0.5385259376356336
"GFDL SPEAR","NDJ",-0.5419175894521784
"GFDL SPEAR","DJF",-0.3519061095138833
"GFDL SPEAR","JFM",-0.05469325579784531
"IOCAS ICM","SON",-0.57
"IOCAS ICM","OND",-0.67
"IOCAS ICM","NDJ",-0.83
"IOCAS ICM","DJF",-0.84
"IOCAS ICM","JFM",-0.72
"JMA","SON",-0.63
"JMA","OND",-0.6699999999999999
"JMA","NDJ",-0.5866666666666667
"JMA","DJF",-0.39999999999999997
"JMA","JFM",-0.21333333333333335
"KMA","SON",-0.977
"KMA","OND",-1.072
"KMA","NDJ",-0.899
"KMA","DJF",-0.661
"KMA","JFM",NaN
"LDEO","SON",-0.5406666666666666
"LDEO","OND",-0.6453333333333333
"LDEO","NDJ",-0.6556666666666667
"LDEO","DJF",-0.591
"LDEO","JFM",-0.48100000000000004
"MetFRANCE","SON",-0.8921230000000001
"MetFRANCE","OND",-0.8693546666666666
"MetFRANCE","NDJ",-0.8120276666666667
"MetFRANCE","DJF",-0.6533346666666667
"MetFRANCE","JFM",-0.462451
"NCEP CFSv2","SON",-0.76
"NCEP CFSv2","OND",-0.87
"NCEP CFSv2","NDJ",-0.71
"NCEP CFSv2","DJF",-0.43
"NCEP CFSv2","JFM",-0.11
"SINTEX-F","SON",-0.0908529
"SINTEX-F","OND",-0.0564159
"SINTEX-F","NDJ",0.0120748
"SINTEX-F","DJF",0.0591319
"SINTEX-F","JFM",0.146722
"UKMO","SON",-1.02
"UKMO","OND",-1.1
"UKMO","NDJ",-0.96
"UKMO","DJF",-0.72
"UKMO","JFM",NaN
"AUS-ACCESS","OND",-0.3666666666666667
"AUS-ACCESS","NDJ",-0.26666666666666666
"AUS-ACCESS","DJF",-0.03333333333333335
"AUS-ACCESS","JFM",0.26666666666666666
"AUS-ACCESS","FMA",NaN
"BCC DIAP","OND",-0.11
"BCC DIAP","NDJ",-0.26
"BCC DIAP","DJF",-0.2
"BCC DIAP","JFM",-0.13
"BCC DIAP","FMA",-0.09
"CMC CANSIP","OND",-0.65
"CMC CANSIP","NDJ",-0.62
"CMC CANSIP","DJF",-0.45
"CMC CANSIP","JFM",-0.22
"CMC CANSIP","FMA",-0.03
"COLA CCSM4","OND",-0.59
"COLA CCSM4","NDJ",-0.674
"COLA CCSM4","DJF",-0.769
"COLA CCSM4","JFM",-0.681
"COLA CCSM4","FMA",-0.406
"CS-IRI-MM","OND",-0.52
"CS-IRI-MM","NDJ",-0.47
"CS-IRI-MM","DJF",-0.37
"CS-IRI-MM","JFM",-0.19
"CS-IRI-MM","FMA",0.06
"IOCAS ICM","OND",-0.71
"IOCAS ICM","NDJ",-0.77
"IOCAS ICM","DJF",-0.82
"IOCAS ICM","JFM",-0.7
"IOCAS ICM","FMA",-0.51
"JMA","OND",-0.6833333333333332
"JMA","NDJ",-0.6933333333333334
"JMA","DJF",-0.5566666666666668
"JMA","JFM",-0.34
"JMA","FMA",-0.13
"KMA","OND",-0.69
"KMA","NDJ",-0.65
"KMA","DJF",-0.51
"KMA","JFM",-0.28
"KMA","FMA",-0.02
"LDEO","OND",-0.707
"LDEO","NDJ",-0.7273333333333333
"LDEO","DJF",-0.6386666666666667
"LDEO","JFM",-0.49400000000000005
"LDEO","FMA",-0.331
"MetFRANCE","OND",-0.9800416666666667
"MetFRANCE","NDJ",-0.9595106666666666
"MetFRANCE","DJF",-0.8120513333333333
"MetFRANCE","JFM",-0.5789523333333334
"MetFRANCE","FMA",-0.3393603333333333
"NCEP CFSv2","OND",-0.83
"NCEP CFSv2","NDJ",-0.68
"NCEP CFSv2","DJF",-0.41
"NCEP CFSv2","JFM",-0.12
"NCEP CFSv2","FMA",0.14
"SINTEX-F","OND",-0.311652
"SINTEX-F","NDJ",-0.149364
"SINTEX-F","DJF",0.040113
"SINTEX-F","JFM",0.223934
"SINTEX-F","FMA",0.324129
"UKMO","OND",-0.88
"UKMO","NDJ",-0.89
"UKMO","DJF",-0.68
"UKMO","JFM",-0.38
"UKMO","FMA",NaN
"AUS-ACCESS","NDJ",-0.5
"AUS-ACCESS","DJF",-0.3
"AUS-ACCESS","JFM",0
"AUS-ACCESS","FMA",0.3
"AUS-ACCESS","MAM",NaN
"BCC DIAP","NDJ",-0.2
"BCC DIAP","DJF",-0.16
"BCC DIAP","JFM",-0.1
"BCC DIAP","FMA",-0.04
"BCC DIAP","MAM",0.03
"COLA CCSM4","NDJ",-0.646
"COLA CCSM4","DJF",-0.534
"COLA CCSM4","JFM",-0.359
"COLA CCSM4","FMA",-0.059
"COLA CCSM4","MAM",0.251
"CS-IRI-MM","NDJ",-0.62
"CS-IRI-MM","DJF",-0.39
"CS-IRI-MM","JFM",-0.14
"CS-IRI-MM","FMA",0.05
"CS-IRI-MM","MAM",0.23
"IOCAS ICM","NDJ",-0.74
"IOCAS ICM","DJF",-0.74
"IOCAS ICM","JFM",-0.67
"IOCAS ICM","FMA",-0.49
"IOCAS ICM","MAM",-0.3
"JMA","NDJ",-0.5700000000000001
"JMA","DJF",-0.42333333333333334
"JMA","JFM",-0.24
"JMA","FMA",-0.03333333333333334
"JMA","MAM",0.11666666666666665
"KMA","NDJ",-0.642
"KMA","DJF",-0.503
"KMA","JFM",-0.218
"KMA","FMA",0.091
"KMA","MAM",NaN
"LDEO","NDJ",-0.4766666666666666
"LDEO","DJF",-0.4223333333333334
"LDEO","JFM",-0.35000000000000003
"LDEO","FMA",-0.297
"LDEO","MAM",-0.245
"MetFRANCE","NDJ",-1.1745113333333335
"MetFRANCE","DJF",-1.0048296666666665
"MetFRANCE","JFM",-0.7281446666666667
"MetFRANCE","FMA",-0.46452066666666664
"MetFRANCE","MAM",-0.2089775
"NCEP CFSv2","NDJ",-0.61
"NCEP CFSv2","DJF",-0.29
"NCEP CFSv2","JFM",0.02
"NCEP CFSv2","FMA",0.27
"NCEP CFSv2","MAM",0.39
"SINTEX-F","NDJ",-0.462091
"SINTEX-F","DJF",-0.268853
"SINTEX-F","JFM",-0.0446794
"SINTEX-F","FMA",0.131636
"SINTEX-F","MAM",0.287225
"UKMO","NDJ",-0.8
"UKMO","DJF",-0.64
"UKMO","JFM",-0.3
"UKMO","FMA",0.02
"UKMO","MAM",NaN
"AUS-ACCESS","DJF",-0.26666666666666666
"AUS-ACCESS","JFM",0.10000000000000002
"AUS-ACCESS","FMA",0.4333333333333333
"AUS-ACCESS","MAM",0.7333333333333334
"AUS-ACCESS","AMJ",NaN
"BCC DIAP","DJF",-0.32
"BCC DIAP","JFM",-0.21
"BCC DIAP","FMA",-0.07
"BCC DIAP","MAM",0.01
"BCC DIAP","AMJ",0.11
"COLA CCSM4","DJF",-0.33
"COLA CCSM4","JFM",-0.038
"COLA CCSM4","FMA",0.235
"COLA CCSM4","MAM",0.494
"COLA CCSM4","AMJ",0.713
"CS-IRI-MM","DJF",-0.52
"CS-IRI-MM","JFM",-0.21
"CS-IRI-MM","FMA",0.05
"CS-IRI-MM","MAM",0.21
"CS-IRI-MM","AMJ",0.38
"IOCAS ICM","DJF",-0.58
"IOCAS ICM","JFM",-0.51
"IOCAS ICM","FMA",-0.39
"IOCAS ICM","MAM",-0.22
"IOCAS ICM","AMJ",-0.09
"JMA","DJF",-0.37333333333333335
"JMA","JFM",-0.17333333333333334
"JMA","FMA",-0.02
"JMA","MAM",0.09999999999999999
"JMA","AMJ",0.24666666666666667
"KMA","DJF",-0.423
"KMA","JFM",-0.13
"KMA","FMA",0.124
"KMA","MAM",0.341
"KMA","AMJ",NaN
"LDEO","DJF",-0.517
"LDEO","JFM",-0.4163333333333334
"LDEO","FMA",-0.3383333333333333
"LDEO","MAM",-0.29
"LDEO","AMJ",-0.2303333333333333
"MetFRANCE","DJF",-0.7756676666666666
"MetFRANCE","JFM",-0.5586943333333334
"MetFRANCE","FMA",-0.31173883333333335
"MetFRANCE","MAM",-0.0561355
"MetFRANCE","AMJ",0.1913848333333333
"NCEP CFSv2","DJF",-0.35
"NCEP CFSv2","JFM",-0.07
"NCEP CFSv2","FMA",0.14
"NCEP CFSv2","MAM",0.33
"NCEP CFSv2","AMJ",0.46
"SINTEX-F","DJF",-0.404359
"SINTEX-F","JFM",-0.154162
"SINTEX-F","FMA",0.0789492
"SINTEX-F","MAM",0.271883
"SINTEX-F","AMJ",0.458325
"UKMO","DJF",-0.57
"UKMO","JFM",-0.29
"UKMO","FMA",0.05
"UKMO","MAM",0.31
"UKMO","AMJ",NaN
"AUS-ACCESS","JFM",-0.06666666666666665
"AUS-ACCESS","FMA",0.3333333333333333
"AUS-ACCESS","MAM",0.6666666666666666
"AUS-ACCESS","AMJ",0.9
"AUS-ACCESS","MJJ",NaN
"BCC DIAP","JFM",-0.25
"BCC DIAP","FMA",-0.09
"BCC DIAP","MAM",0.03
"BCC DIAP","AMJ",0.15
"BCC DIAP","MJJ",0.29
"CMC CANSIP","JFM",-0.39
"CMC CANSIP","FMA",-0.2
"CMC CANSIP","MAM",-0.01
"CMC CANSIP","AMJ",0.18
"CMC CANSIP","MJJ",0.4
"COLA CCSM4","JFM",-0.399
"COLA CCSM4","FMA",-0.19
"COLA CCSM4","MAM",0.079
"COLA CCSM4","AMJ",0.398
"COLA CCSM4","MJJ",0.707
"CS-IRI-MM","JFM",-0.36
"CS-IRI-MM","FMA",-0.07
"CS-IRI-MM","MAM",0.18
"CS-IRI-MM","AMJ",0.4
"CS-IRI-MM","MJJ",0.63
"GFDL SPEAR","JFM",0.08794486270127454
"GFDL SPEAR","FMA",0.39214284472889355
"GFDL SPEAR","MAM",0.6259435283660887
"GFDL SPEAR","AMJ",0.8488947833262547
"GFDL SPEAR","MJJ",1.0608175975707725
"IOCAS ICM","JFM",-0.5
"IOCAS ICM","FMA",-0.42
"IOCAS ICM","MAM",-0.27
"IOCAS ICM","AMJ",-0.14
"IOCAS ICM","MJJ",-0.04
"JMA","JFM",-0.32
"JMA","FMA",-0.04999999999999999
"JMA","MAM",0.18000000000000002
"JMA","AMJ",0.40666666666666673
"JMA","MJJ",0.6466666666666666
"KMA","JFM",-0.152
"KMA","FMA",0.174
"KMA","MAM",0.46
"KMA","AMJ",0.714
"KMA","MJJ",NaN
"LDEO","JFM",-0.4413333333333333
"LDEO","FMA",-0.35000000000000003
"LDEO","MAM",-0.292
"LDEO","AMJ",-0.24066666666666667
"LDEO","MJJ",-0.18533333333333335
"MetFRANCE","JFM",-0.7098983333333333
"MetFRANCE","FMA",-0.4807456666666667
"MetFRANCE","MAM",-0.2589630666666667
"MetFRANCE","AMJ",-0.009874400000000005
"MetFRANCE","MJJ",0.2299152666666667
"NCEP CFSv2","JFM",-0.32
"NCEP CFSv2","FMA",0
"NCEP CFSv2","MAM",0.21
"NCEP CFSv2","AMJ",0.35
"NCEP CFSv2","MJJ",0.48
"SINTEX-F","JFM",-0.445956
"SINTEX-F","FMA",-0.215797
"SINTEX-F","MAM",0.0253296
"SINTEX-F","AMJ",0.295446
"SINTEX-F","MJJ",0.585365
"UKMO","JFM",-0.18
"UKMO","FMA",0.1
"UKMO","MAM",0.4
"UKMO","AMJ",0.64
"UKMO","MJJ",NaN
"AUS-ACCESS","FMA",0.3666666666666667
"AUS-ACCESS","MAM",0.8000000000000002
"AUS-ACCESS","AMJ",1.1333333333333333
"AUS-ACCESS","MJJ",1.4333333333333333
"AUS-ACCESS","JJA",NaN
"CMC CANSIP","FMA",0.17
"CMC CANSIP","MAM",0.55
"CMC CANSIP","AMJ",0.84
"CMC CANSIP","MJJ",1.03
"CMC CANSIP","JJA",1.09
"COLA CCSM4","FMA",-0.012
"COLA CCSM4","MAM",0.253
"COLA CCSM4","AMJ",0.551
"COLA CCSM4","MJJ",0.853
"COLA CCSM4","JJA",1.109
"CS-IRI-MM","FMA",-0.19
"CS-IRI-MM","MAM",0.07
"CS-IRI-MM","AMJ",0.37
"CS-IRI-MM","MJJ",0.62
"CS-IRI-MM","JJA",0.88
"IOCAS ICM","FMA",-0.41
"IOCAS ICM","MAM",-0.31
"IOCAS ICM","AMJ",-0.14
"IOCAS ICM","MJJ",-0.02
"IOCAS ICM","JJA",0.07
"JMA","FMA",0.03000000000000001
"JMA","MAM",0.26
"JMA","AMJ",0.4766666666666666
"JMA","MJJ",0.75
"JMA","JJA",1.0933333333333335
"KMA","FMA",0.37
"KMA","MAM",0.734
"KMA","AMJ",1.053
"KMA","MJJ",1.35
"KMA","JJA",NaN
"LDEO","FMA",-0.2906666666666667
"LDEO","MAM",-0.16633333333333333
"LDEO","AMJ",-0.056
"LDEO","MJJ",0.006666666666666667
"LDEO","JJA",0.036666666666666674
"MetFRANCE","FMA",-0.28701503333333334
"MetFRANCE","MAM",-0.01674269999999999
"MetFRANCE","AMJ",0.26267396666666665
"MetFRANCE","MJJ",0.4911286666666667
"MetFRANCE","JJA",0.6851716666666666
"NCEP CFSv2","FMA",0.1
"NCEP CFSv2","MAM",0.45
"NCEP CFSv2","AMJ",0.69
"NCEP CFSv2","MJJ",0.91
"NCEP CFSv2","JJA",1.09
"SINTEX-F","FMA",-0.0664306
"SINTEX-F","MAM",0.219166
"SINTEX-F","AMJ",0.475892
"SINTEX-F","MJJ",0.74127
"SINTEX-F","JJA",0.942388
"UKMO","FMA",0.08
"UKMO","MAM",0.4
"UKMO","AMJ",0.71
"UKMO","MJJ",0.98
"UKMO","JJA",NaN
"AUS-ACCESS","MAM",0.7999999999999999
"AUS-ACCESS","AMJ",1.3
"AUS-ACCESS","MJJ",1.7666666666666666
"AUS-ACCESS","JJA",2.2
"AUS-ACCESS","JAS",NaN
"BCC DIAP","MAM",0.12
"BCC DIAP","AMJ",0.46
"BCC DIAP","MJJ",0.75
"BCC DIAP","JJA",0.98
"BCC DIAP","JAS",1.2
"CMC CANSIP","MAM",0.47
"CMC CANSIP","AMJ",0.82
"CMC CANSIP","MJJ",1.09
"CMC CANSIP","JJA",1.25
"CMC CANSIP","JAS",1.3
"COLA CCSM4","MAM",0.403
"COLA CCSM4","AMJ",0.731
"COLA CCSM4","MJJ",1.07
"COLA CCSM4","JJA",1.451
"COLA CCSM4","JAS",1.79
"CS-IRI-MM","MAM",0.28
"CS-IRI-MM","AMJ",0.53
"CS-IRI-MM","MJJ",0.76
"CS-IRI-MM","JJA",1.05
"CS-IRI-MM","JAS",1.31
"IOCAS ICM","MAM",-0.15
"IOCAS ICM","AMJ",-0.03
"IOCAS ICM","MJJ",0.17
"IOCAS ICM","JJA",0.31
"IOCAS ICM","JAS",0.41
"JMA","MAM",0.20666666666666667
"JMA","AMJ",0.43333333333333335
"JMA","MJJ",0.7000000000000001
"JMA","JJA",1.0133333333333334
"JMA","JAS",1.3266666666666664
"KMA","MAM",0.65
"KMA","AMJ",1.015
"KMA","MJJ",1.376
"KMA","JJA",1.728
"KMA","JAS",NaN
"LDEO","MAM",0.066
"LDEO","AMJ",0.2893333333333334
"LDEO","MJJ",0.42533333333333334
"LDEO","JJA",0.4736666666666667
"LDEO","JAS",0.49133333333333334
"MetFRANCE","MAM",0.17983866666666667
"MetFRANCE","AMJ",0.531466
"MetFRANCE","MJJ",0.9565899999999999
"MetFRANCE","JJA",1.0943023333333333
"MetFRANCE","JAS",1.189154
"NCEP CFSv2","MAM",0.26
"NCEP CFSv2","AMJ",0.6
"NCEP CFSv2","MJJ",0.88
"NCEP CFSv2","JJA",1.07
"NCEP CFSv2","JAS",1.27
"SINTEX-F","MAM",0.299125
"SINTEX-F","AMJ",0.637876
"SINTEX-F","MJJ",0.982682
"SINTEX-F","JJA",1.25604
"SINTEX-F","JAS",1.41029
"UKMO","MAM",0.45
"UKMO","AMJ",0.77
"UKMO","MJJ",1.08
"UKMO","JJA",1.4
"UKMO","JAS",NaN
"AUS-ACCESS","AMJ",1.4000000000000001
"AUS-ACCESS","MJJ",1.8333333333333333
"AUS-ACCESS","JJA",2.1999999999999997
"AUS-ACCESS","JAS",2.566666666666667
"AUS-ACCESS","ASO",NaN
"BCC DIAP","AMJ",0.4
"BCC DIAP","MJJ",0.76
"BCC DIAP","JJA",1.05
"BCC DIAP","JAS",1.32
"BCC DIAP","ASO",1.55
"CMC CANSIP","AMJ",0.86
"CMC CANSIP","MJJ",1.18
"CMC CANSIP","JJA",1.35
"CMC CANSIP","JAS",1.38
"CMC CANSIP","ASO",1.38
"COLA CCSM4","AMJ",1.285
"COLA CCSM4","MJJ",1.716
"COLA CCSM4","JJA",2.109
"COLA CCSM4","JAS",2.396
"COLA CCSM4","ASO",2.534
"CS-IRI-MM","AMJ",0.56
"CS-IRI-MM","MJJ",0.83
"CS-IRI-MM","JJA",1.1
"CS-IRI-MM","JAS",1.4
"CS-IRI-MM","ASO",1.75
"GFDL SPEAR","AMJ",0.7930477139395253
"GFDL SPEAR","MJJ",1.214657722326914
"GFDL SPEAR","JJA",1.5816115628394372
"GFDL SPEAR","JAS",1.8591801727754096
"GFDL SPEAR","ASO",2.07284764831437
"IOCAS ICM","AMJ",0.3
"IOCAS ICM","MJJ",0.44
"IOCAS ICM","JJA",0.67
"IOCAS ICM","JAS",0.8
"IOCAS ICM","ASO",0.86
"JMA","AMJ",0.5299999999999999
"JMA","MJJ",0.8233333333333333
"JMA","JJA",1.1033333333333335
"JMA","JAS",1.36
"JMA","ASO",1.6633333333333333
"KMA","AMJ",1.12
"KMA","MJJ",1.58
"KMA","JJA",2.01
"KMA","JAS",2.37
"KMA","ASO",NaN
"LDEO","AMJ",0.30233333333333334
"LDEO","MJJ",0.40599999999999997
"LDEO","JJA",0.416
"LDEO","JAS",0.41133333333333333
"LDEO","ASO",0.522
"MetFRANCE","AMJ",0.6100436666666668
"MetFRANCE","MJJ",0.9550633333333334
"MetFRANCE","JJA",1.2668376666666668
"MetFRANCE","JAS",1.5453746666666668
"MetFRANCE","ASO",1.7850786666666665
"NCEP CFSv2","AMJ",0.69
"NCEP CFSv2","MJJ",1.15
"NCEP CFSv2","JJA",1.51
"NCEP CFSv2","JAS",1.78
"NCEP CFSv2","ASO",1.99
"SINTEX-F","AMJ",0.656796
"SINTEX-F","MJJ",1.05593
"SINTEX-F","JJA",1.41001
"SINTEX-F","JAS",1.67907
"SINTEX-F","ASO",1.8096
"UKMO","AMJ",0.8
"UKMO","MJJ",1.13
"UKMO","JJA",1.43
"UKMO","JAS",1.7
"UKMO","ASO",NaN
"AUS-ACCESS","MJJ",1.7449999999999999
"AUS-ACCESS","JJA",2.3
"AUS-ACCESS","JAS",2.6999999999999997
"AUS-ACCESS","ASO",3
"AUS-ACCESS","SON",NaN
"BCC DIAP","MJJ",0.84
"BCC DIAP","JJA",1.26
"BCC DIAP","JAS",1.63
"BCC DIAP","ASO",1.97
"BCC DIAP","SON",2.17
"CMC CANSIP","MJJ",1.38
"CMC CANSIP","JJA",1.6
"CMC CANSIP","JAS",1.69
"CMC CANSIP","ASO",1.72
"CMC CANSIP","SON",1.79
"COLA CCSM4","MJJ",1.485
"COLA CCSM4","JJA",1.92
"COLA CCSM4","JAS",2.347
"COLA CCSM4","ASO",2.699
"COLA CCSM4","SON",2.89
"CS-IRI-MM","MJJ",1.03
"CS-IRI-MM","JJA",1.27
"CS-IRI-MM","JAS",1.55
"CS-IRI-MM","ASO",1.92
"CS-IRI-MM","SON",2.27
"IOCAS ICM","MJJ",0.99
"IOCAS ICM","JJA",1.08
"IOCAS ICM","JAS",1.22
"IOCAS ICM","ASO",1.33
"IOCAS ICM","SON",1.41
"JMA","MJJ",1.3033333333333335
"JMA","JJA",1.6466666666666665
"JMA","JAS",2.03
"JMA","ASO",2.47
"JMA","SON",2.9299999999999997
"KMA","MJJ",1.49
"KMA","JJA",1.95
"KMA","JAS",2.35
"KMA","ASO",2.6
"KMA","SON",NaN
"LDEO","MJJ",0.859
"LDEO","JJA",0.9783
"LDEO","JAS",1.0116
"LDEO","ASO",1.1126
"LDEO","SON",1.3183
"MetFRANCE","MJJ",1.1753316666666667
"MetFRANCE","JJA",1.5549813333333333
"MetFRANCE","JAS",1.88748
"MetFRANCE","ASO",2.1434096666666664
"MetFRANCE","SON",2.3146393333333335
"NASA GMAOv3","MJJ",1.342
"NASA GMAOv3","JJA",1.611
"NASA GMAOv3","JAS",1.737
"NASA GMAOv3","ASO",1.823
"NASA GMAOv3","SON",1.952
"NCEP CFSv2","MJJ",1.5
"NCEP CFSv2","JJA",1.99
"NCEP CFSv2","JAS",2.4
"NCEP CFSv2","ASO",2.79
"NCEP CFSv2","SON",3.11
"SINTEX-F","MJJ",1.14069
"SINTEX-F","JJA",1.46954
"SINTEX-F","JAS",1.73425
"SINTEX-F","ASO",1.91088
"SINTEX-F","SON",2.02482
"UKMO","MJJ",1.27
"UKMO","JJA",1.64
"UKMO","JAS",1.96
"UKMO","ASO",2.17
"UKMO","SON",NaN
"AUS-ACCESS","JJA",2.4333333333333336
"AUS-ACCESS","JAS",2.966666666666667
"AUS-ACCESS","ASO",3.3666666666666667
"AUS-ACCESS","SON",3.5666666666666664
"AUS-ACCESS","OND",NaN
"BCC DIAP","JJA",1.47
"BCC DIAP","JAS",1.86
"BCC DIAP","ASO",2.08
"BCC DIAP","SON",2.13
"BCC DIAP","OND",2.12
"CMC CANSIP","JJA",1.87
"CMC CANSIP","JAS",2.1
"CMC CANSIP","ASO",2.19
"CMC CANSIP","SON",2.3
"CMC CANSIP","OND",2.47
"CMCC-SPS4","JJA",1.86
"CMCC-SPS4","JAS",2.32
"CMCC-SPS4","ASO",2.87
"CMCC-SPS4","SON",3.47
"CMCC-SPS4","OND",NaN
"COLA CCSM4","JJA",2.094
"COLA CCSM4","JAS",2.625
"COLA CCSM4","ASO",3.024
"COLA CCSM4","SON",3.271
"COLA CCSM4","OND",3.264
"CS-IRI-MM","JJA",1.37
"CS-IRI-MM","JAS",1.7
"CS-IRI-MM","ASO",2.14
"CS-IRI-MM","SON",2.56
"CS-IRI-MM","OND",2.86
"IOCAS ICM","JJA",1.47
"IOCAS ICM","JAS",1.53
"IOCAS ICM","ASO",1.63
"IOCAS ICM","SON",1.75
"IOCAS ICM","OND",1.89
"JMA","JJA",1.6866666666666668
"JMA","JAS",2.0766666666666667
"JMA","ASO",2.5233333333333334
"JMA","SON",2.986666666666667
"JMA","OND",3.3866666666666667
"KMA","JJA",1.978
"KMA","JAS",2.408
"KMA","ASO",2.725
"KMA","SON",2.887
"KMA","OND",NaN
"LDEO","JJA",1.0156666666666665
"LDEO","JAS",1.075
"LDEO","ASO",1.212
"LDEO","SON",1.4093333333333333
"LDEO","OND",1.554
"MetFRANCE","JJA",1.7680749999999998
"MetFRANCE","JAS",2.1070876666666667
"MetFRANCE","ASO",2.4140083333333333
"MetFRANCE","SON",2.6241916666666665
"MetFRANCE","OND",2.7038689999999996
"NASA GMAOv3","JJA",1.499
"NASA GMAOv3","JAS",1.748
"NASA GMAOv3","ASO",1.956
"NASA GMAOv3","SON",2.176
"NASA GMAOv3","OND",2.409
"NCEP CFSv2","JJA",2.16
"NCEP CFSv2","JAS",2.74
"NCEP CFSv2","ASO",3.18
"NCEP CFSv2","SON",3.49
"NCEP CFSv2","OND",3.63
"SINTEX-F","JJA",1.67255
"SINTEX-F","JAS",1.96014
"SINTEX-F","ASO",2.10439
"SINTEX-F","SON",2.19358
"SINTEX-F","OND",2.29262
"UKMO","JJA",1.75
"UKMO","JAS",2.13
"UKMO","ASO",2.4
"UKMO","SON",2.5
"UKMO","OND",NaN
"STAT MODELS:","Thu Aug 15 2024 00:00:00 GMT-0700 (Mountain Standard Time)",-10
"STAT MODELS:","Sun Sep 15 2024 00:00:00 GMT-0700 (Mountain Standard Time)",-10
"STAT MODELS:","Tue Oct 15 2024 00:00:00 GMT-0700 (Mountain Standard Time)",-10
"STAT MODELS:","Fri Nov 15 2024 00:00:00 GMT-0700 (Mountain Standard Time)",-10
"STAT MODELS:","Sun Dec 15 2024 00:00:00 GMT-0700 (Mountain Standard Time)",-10
"STAT MODELS:","Wed Jan 15 2025 00:00:00 GMT-0700 (Mountain Standard Time)",-10
"STAT MODELS:","Sat Feb 15 2025 00:00:00 GMT-0700 (Mountain Standard Time)",-10
"STAT MODELS:","Sat Mar 15 2025 00:00:00 GMT-0700 (Mountain Standard Time)",-10
"STAT MODELS:","Tue Apr 15 2025 00:00:00 GMT-0700 (Mountain Standard Time)",-10
"STAT MODELS:","Thu May 15 2025 00:00:00 GMT-0700 (Mountain Standard Time)",-10
"STAT MODELS:","Sun Jun 15 2025 00:00:00 GMT-0700 (Mountain Standard Time)",-10
"STAT MODELS:","Tue Jul 15 2025 00:00:00 GMT-0700 (Mountain Standard Time)",-10
"STAT MODELS:","Fri Aug 15 2025 00:00:00 GMT-0700 (Mountain Standard Time)",-10
"STAT MODELS:","Mon Sep 15 2025 00:00:00 GMT-0700 (Mountain Standard Time)",-10
"STAT MODELS:","Wed Oct 15 2025 00:00:00 GMT-0700 (Mountain Standard Time)",-10
"STAT MODELS:","Sat Nov 15 2025 00:00:00 GMT-0700 (Mountain Standard Time)",-10
"STAT MODELS:","Mon Dec 15 2025 00:00:00 GMT-0700 (Mountain Standard Time)",-10
"STAT MODELS:","Thu Jan 15 2026 00:00:00 GMT-0700 (Mountain Standard Time)",-10
"STAT MODELS:","Sun Feb 15 2026 00:00:00 GMT-0700 (Mountain Standard Time)",-10
"STAT MODELS:","Sun Mar 15 2026 00:00:00 GMT-0700 (Mountain Standard Time)",-10
"STAT MODELS:","Wed Apr 15 2026 00:00:00 GMT-0700 (Mountain Standard Time)",-10
"STAT MODELS:","Fri May 15 2026 00:00:00 GMT-0700 (Mountain Standard Time)",-10
"STAT MODELS:","Mon Jun 15 2026 00:00:00 GMT-0700 (Mountain Standard Time)",-10
"STAT MODELS:","Wed Jul 15 2026 00:00:00 GMT-0700 (Mountain Standard Time)",-10
"STAT MODELS:","Sat Aug 15 2026 00:00:00 GMT-0700 (Mountain Standard Time)",-10
"STAT MODELS:","Tue Sep 15 2026 00:00:00 GMT-0700 (Mountain Standard Time)",-10
"STAT MODELS:","Thu Oct 15 2026 00:00:00 GMT-0700 (Mountain Standard Time)",-10
"BCC_RZDM","ASO",-0.06
"BCC_RZDM","SON",-0.15
"BCC_RZDM","OND",-0.3
"BCC_RZDM","NDJ",-0.36
"BCC_RZDM","DJF",-0.36
"CPC CA","ASO",-0.5
"CPC CA","SON",-0.54
"CPC CA","OND",-0.52
"CPC CA","NDJ",-0.56
"CPC CA","DJF",-0.64
"CPC MRKOV","ASO",-0.38
"CPC MRKOV","SON",-0.38
"CPC MRKOV","OND",-0.34
"CPC MRKOV","NDJ",-0.24
"CPC MRKOV","DJF",-0.14
"CSU CLIPR","ASO",-0.04
"CSU CLIPR","SON",-0.06
"CSU CLIPR","OND",-0.08
"CSU CLIPR","NDJ",-0.1
"CSU CLIPR","DJF",-0.14333333333333334
"IAP-NN","ASO",0.12
"IAP-NN","SON",0.118
"IAP-NN","OND",0.145
"IAP-NN","NDJ",0.168
"IAP-NN","DJF",0.233
"NTU CODA","ASO",-0.01
"NTU CODA","SON",-0.05
"NTU CODA","OND",-0.11
"NTU CODA","NDJ",-0.18
"NTU CODA","DJF",-0.16
"TONGJI-ML","ASO",-0.25689349437186265
"TONGJI-ML","SON",-0.420410775313748
"TONGJI-ML","OND",-0.5461200759554511
"TONGJI-ML","NDJ",-0.6214493566399255
"TONGJI-ML","DJF",-0.5163228368062368
"UCLA-TCD","ASO",0.05
"UCLA-TCD","SON",-0.1
"UCLA-TCD","OND",-0.2
"UCLA-TCD","NDJ",-0.24
"UCLA-TCD","DJF",-0.23
"UW PSL-CSLIM","ASO",-0.04
"UW PSL-CSLIM","SON",-0.12
"UW PSL-CSLIM","OND",-0.23
"UW PSL-CSLIM","NDJ",-0.37
"UW PSL-CSLIM","DJF",-0.5
"UW PSL-LIM","ASO",-0.21
"UW PSL-LIM","SON",-0.34
"UW PSL-LIM","OND",-0.42
"UW PSL-LIM","NDJ",-0.44
"UW PSL-LIM","DJF",-0.43
"BCC_RZDM","SON",-0.26
"BCC_RZDM","OND",-0.42
"BCC_RZDM","NDJ",-0.5
"BCC_RZDM","DJF",-0.5
"BCC_RZDM","JFM",-0.44
"CPC CA","SON",-0.33
"CPC CA","OND",-0.33
"CPC CA","NDJ",-0.43
"CPC CA","DJF",-0.57
"CPC CA","JFM",-0.59
"CPC MRKOV","SON",-0.48
"CPC MRKOV","OND",-0.45
"CPC MRKOV","NDJ",-0.36
"CPC MRKOV","DJF",-0.25
"CPC MRKOV","JFM",-0.17
"CSU CLIPR","SON",0.18
"CSU CLIPR","OND",0.06666666666666665
"CSU CLIPR","NDJ",-0.046666666666666676
"CSU CLIPR","DJF",-0.16
"CSU CLIPR","JFM",-0.11333333333333334
"IAP-NN","SON",0.034
"IAP-NN","OND",0.085
"IAP-NN","NDJ",0.143
"IAP-NN","DJF",0.237
"IAP-NN","JFM",0.361
"NTU CODA","SON",-0.25
"NTU CODA","OND",-0.32
"NTU CODA","NDJ",-0.37
"NTU CODA","DJF",-0.4
"NTU CODA","JFM",-0.38
"TONGJI-ML","SON",-0.5103619468930376
"TONGJI-ML","OND",-0.6273380084103866
"TONGJI-ML","NDJ",-0.7019236571332256
"TONGJI-ML","DJF",-0.5745723635599391
"TONGJI-ML","JFM",-0.35003335881334124
"UCLA-TCD","SON",-0.19
"UCLA-TCD","OND",-0.28
"UCLA-TCD","NDJ",-0.29
"UCLA-TCD","DJF",-0.24
"UCLA-TCD","JFM",-0.17
"UW PSL-CSLIM","SON",-0.06
"UW PSL-CSLIM","OND",-0.15
"UW PSL-CSLIM","NDJ",-0.29
"UW PSL-CSLIM","DJF",-0.42
"UW PSL-CSLIM","JFM",-0.49
"UW PSL-LIM","SON",-0.25
"UW PSL-LIM","OND",-0.31
"UW PSL-LIM","NDJ",-0.33
"UW PSL-LIM","DJF",-0.32
"UW PSL-LIM","JFM",-0.33
"XRO","SON",-0.3116666666666667
"XRO","OND",-0.4466666666666667
"XRO","NDJ",-0.5256666666666667
"XRO","DJF",-0.528
"XRO","JFM",-0.47900000000000004
"BCC_RZDM","OND",-0.39
"BCC_RZDM","NDJ",-0.52
"BCC_RZDM","DJF",-0.53
"BCC_RZDM","JFM",-0.42
"BCC_RZDM","FMA",-0.26
"CPC CA","OND",-0.17
"CPC CA","NDJ",-0.3
"CPC CA","DJF",-0.45
"CPC CA","JFM",-0.49
"CPC CA","FMA",-0.36
"CPC MRKOV","OND",-0.44
"CPC MRKOV","NDJ",-0.37
"CPC MRKOV","DJF",-0.28
"CPC MRKOV","JFM",-0.21
"CPC MRKOV","FMA",-0.19
"IAP-NN","OND",-0.265
"IAP-NN","NDJ",-0.249
"IAP-NN","DJF",-0.204
"IAP-NN","JFM",-0.129
"IAP-NN","FMA",-0.018
"NTU CODA","OND",-0.29
"NTU CODA","NDJ",-0.31
"NTU CODA","DJF",-0.33
"NTU CODA","JFM",-0.34
"NTU CODA","FMA",-0.3
"TONGJI-ML","OND",-0.5559903345089418
"TONGJI-ML","NDJ",-0.5628414403241694
"TONGJI-ML","DJF",-0.47705000281075866
"TONGJI-ML","JFM",-0.3806384824966839
"TONGJI-ML","FMA",-0.35816726410269806
"UCLA-TCD","OND",-0.33
"UCLA-TCD","NDJ",-0.44
"UCLA-TCD","DJF",-0.52
"UCLA-TCD","JFM",-0.52
"UCLA-TCD","FMA",-0.44
"UW PSL-CSLIM","OND",-0.36
"UW PSL-CSLIM","NDJ",-0.51
"UW PSL-CSLIM","DJF",-0.64
"UW PSL-CSLIM","JFM",-0.67
"UW PSL-CSLIM","FMA",-0.64
"UW PSL-LIM","OND",-0.45
"UW PSL-LIM","NDJ",-0.49
"UW PSL-LIM","DJF",-0.5
"UW PSL-LIM","JFM",-0.51
"UW PSL-LIM","FMA",-0.54
"XRO","OND",-0.4403333333333334
"XRO","NDJ",-0.5006666666666667
"XRO","DJF",-0.48933333333333334
"XRO","JFM",-0.43966666666666665
"XRO","FMA",-0.401
"BCC_RZDM","NDJ",-0.53
"BCC_RZDM","DJF",-0.55
"BCC_RZDM","JFM",-0.48
"BCC_RZDM","FMA",-0.39
"BCC_RZDM","MAM",-0.36
"CPC CA","NDJ",-0.42
"CPC CA","DJF",-0.52
"CPC CA","JFM",-0.52
"CPC CA","FMA",-0.37
"CPC CA","MAM",-0.23
"CPC MRKOV","NDJ",-0.39
"CPC MRKOV","DJF",-0.29
"CPC MRKOV","JFM",-0.22
"CPC MRKOV","FMA",-0.19
"CPC MRKOV","MAM",-0.15
"CSU CLIPR","NDJ",-0.3
"CSU CLIPR","DJF",-0.26666666666666666
"CSU CLIPR","JFM",-0.23333333333333334
"CSU CLIPR","FMA",-0.2
"CSU CLIPR","MAM",-0.22999999999999998
"IAP-NN","NDJ",-0.138
"IAP-NN","DJF",-0.086
"IAP-NN","JFM",0.014
"IAP-NN","FMA",0.187
"IAP-NN","MAM",0.377
"NTU CODA","NDJ",-0.38
"NTU CODA","DJF",-0.39
"NTU CODA","JFM",-0.35
"NTU CODA","FMA",-0.36
"NTU CODA","MAM",-0.37
"TONGJI-ML","NDJ",-0.4728676131245932
"TONGJI-ML","DJF",-0.43120624227493193
"TONGJI-ML","JFM",-0.3934825735148218
"TONGJI-ML","FMA",-0.4205168797094296
"TONGJI-ML","MAM",-0.4928384680897941
"UCLA-TCD","NDJ",-0.28
"UCLA-TCD","DJF",-0.38
"UCLA-TCD","JFM",-0.42
"UCLA-TCD","FMA",-0.38
"UCLA-TCD","MAM",-0.29
"XRO","NDJ",-0.39166666666666666
"XRO","DJF",-0.36633333333333334
"XRO","JFM",-0.309
"XRO","FMA",-0.27933333333333327
"XRO","MAM",-0.30466666666666664
"BCC_RZDM","DJF",0.13
"BCC_RZDM","JFM",0.1
"BCC_RZDM","FMA",0.06
"BCC_RZDM","MAM",-0.06
"BCC_RZDM","AMJ",-0.21
"CPC CA","DJF",-0.47
"CPC CA","JFM",-0.48
"CPC CA","FMA",-0.35
"CPC CA","MAM",-0.24
"CPC CA","AMJ",-0.14
"CPC MRKOV","DJF",-0.45
"CPC MRKOV","JFM",-0.37
"CPC MRKOV","FMA",-0.33
"CPC MRKOV","MAM",-0.29
"CPC MRKOV","AMJ",-0.23
"CSU CLIPR","DJF",-0.1
"CSU CLIPR","JFM",-0.14
"CSU CLIPR","FMA",-0.18
"CSU CLIPR","MAM",-0.22
"CSU CLIPR","AMJ",-0.2866666666666666
"IAP-NN","DJF",-0.091
"IAP-NN","JFM",-0.037
"IAP-NN","FMA",0.079
"IAP-NN","MAM",0.23
"IAP-NN","AMJ",0.402
"NTU CODA","DJF",-0.16
"NTU CODA","JFM",-0.14
"NTU CODA","FMA",-0.14
"NTU CODA","MAM",-0.21
"NTU CODA","AMJ",-0.28
"TONGJI-ML","DJF",-0.4101105684355982
"TONGJI-ML","JFM",-0.37531885813869126
"TONGJI-ML","FMA",-0.4088578439242088
"TONGJI-ML","MAM",-0.4868937519270668
"TONGJI-ML","AMJ",-0.44978737253481205
"UCLA-TCD","DJF",0.07
"UCLA-TCD","JFM",0.08
"UCLA-TCD","FMA",0.06
"UCLA-TCD","MAM",0.04
"UCLA-TCD","AMJ",0.01
"UW PSL-CSLIM","DJF",-0.34
"UW PSL-CSLIM","JFM",-0.4
"UW PSL-CSLIM","FMA",-0.42
"UW PSL-CSLIM","MAM",-0.41
"UW PSL-CSLIM","AMJ",-0.41
"UW PSL-LIM","DJF",-0.3
"UW PSL-LIM","JFM",-0.38
"UW PSL-LIM","FMA",-0.48
"UW PSL-LIM","MAM",-0.56
"UW PSL-LIM","AMJ",-0.6
"XRO","DJF",-0.11166666666666668
"XRO","JFM",-0.08533333333333333
"XRO","FMA",-0.09366666666666668
"XRO","MAM",-0.14800000000000002
"XRO","AMJ",-0.2353333333333333
"BCC_RZDM","JFM",-0.57
"BCC_RZDM","FMA",-0.49
"BCC_RZDM","MAM",-0.51
"BCC_RZDM","AMJ",-0.56
"BCC_RZDM","MJJ",-0.62
"CPC CA","JFM",-0.56
"CPC CA","FMA",-0.43
"CPC CA","MAM",-0.33
"CPC CA","AMJ",-0.21
"CPC CA","MJJ",-0.2
"CPC MRKOV","JFM",-0.95
"CPC MRKOV","FMA",-0.87
"CPC MRKOV","MAM",-0.78
"CPC MRKOV","AMJ",-0.69
"CPC MRKOV","MJJ",-0.63
"CSU CLIPR","JFM",-0.45
"CSU CLIPR","FMA",-0.5700000000000001
"CSU CLIPR","MAM",-0.6900000000000001
"CSU CLIPR","AMJ",-0.81
"CSU CLIPR","MJJ",-0.8033333333333335
"IAP-NN","JFM",-0.728
"IAP-NN","FMA",-0.693
"IAP-NN","MAM",-0.566
"IAP-NN","AMJ",-0.383
"IAP-NN","MJJ",-0.168
"NTU CODA","JFM",-0.57
"NTU CODA","FMA",-0.58
"NTU CODA","MAM",-0.62
"NTU CODA","AMJ",-0.78
"NTU CODA","MJJ",-0.88
"TONGJI-ML","JFM",-0.4181474666666667
"TONGJI-ML","FMA",-0.4155991366666667
"TONGJI-ML","MAM",-0.11765791999999999
"TONGJI-ML","AMJ",0.22015625666666663
"TONGJI-ML","MJJ",0.36720881666666666
"UCLA-TCD","JFM",-0.47
"UCLA-TCD","FMA",-0.42
"UCLA-TCD","MAM",-0.35
"UCLA-TCD","AMJ",-0.29
"UCLA-TCD","MJJ",-0.27
"UW PSL-CSLIM","JFM",-0.64
"UW PSL-CSLIM","FMA",-0.64
"UW PSL-CSLIM","MAM",-0.61
"UW PSL-CSLIM","AMJ",-0.61
"UW PSL-CSLIM","MJJ",-0.63
"UW PSL-LIM","JFM",-0.69
"UW PSL-LIM","FMA",-0.82
"UW PSL-LIM","MAM",-0.92
"UW PSL-LIM","AMJ",-0.96
"UW PSL-LIM","MJJ",-0.95
"XRO","JFM",-0.5156666666666666
"XRO","FMA",-0.444
"XRO","MAM",-0.408
"XRO","AMJ",-0.395
"XRO","MJJ",-0.38666666666666666
"BCC_RZDM","FMA",-0.49
"BCC_RZDM","MAM",-0.5
"BCC_RZDM","AMJ",-0.56
"BCC_RZDM","MJJ",-0.63
"BCC_RZDM","JJA",-0.69
"CPC CA","FMA",-0.42
"CPC CA","MAM",-0.29
"CPC CA","AMJ",-0.16
"CPC CA","MJJ",-0.16
"CPC CA","JJA",-0.3
"CPC MRKOV","FMA",-1.1
"CPC MRKOV","MAM",-0.99
"CPC MRKOV","AMJ",-0.9
"CPC MRKOV","MJJ",-0.82
"CPC MRKOV","JJA",-0.78
"CSU CLIPR","FMA",-0.48
"CSU CLIPR","MAM",-0.4966666666666667
"CSU CLIPR","AMJ",-0.5133333333333333
"CSU CLIPR","MJJ",-0.53
"CSU CLIPR","JJA",-0.7733333333333333
"IAP-NN","FMA",-0.888
"IAP-NN","MAM",-0.861
"IAP-NN","AMJ",-0.757
"IAP-NN","MJJ",-0.603
"IAP-NN","JJA",-0.435
"NTU CODA","FMA",-0.56
"NTU CODA","MAM",-0.41
"NTU CODA","AMJ",-0.45
"NTU CODA","MJJ",-0.61
"NTU CODA","JJA",-0.5
"TONGJI-ML","FMA",-0.4062752182234563
"TONGJI-ML","MAM",-0.4692524060974317
"TONGJI-ML","AMJ",-0.4268126643358445
"TONGJI-ML","MJJ",-0.22130189778651696
"TONGJI-ML","JJA",0.018285806895863926
"UCLA-TCD","FMA",-0.56
"UCLA-TCD","MAM",-0.5
"UCLA-TCD","AMJ",-0.48
"UCLA-TCD","MJJ",-0.51
"UCLA-TCD","JJA",-0.63
"UW PSL-CSLIM","FMA",-0.68
"UW PSL-CSLIM","MAM",-0.65
"UW PSL-CSLIM","AMJ",-0.66
"UW PSL-CSLIM","MJJ",-0.7
"UW PSL-CSLIM","JJA",-0.77
"UW PSL-LIM","FMA",-0.9
"UW PSL-LIM","MAM",-1
"UW PSL-LIM","AMJ",-1.05
"UW PSL-LIM","MJJ",-1.05
"UW PSL-LIM","JJA",-1.01
"XRO","FMA",-0.57
"XRO","MAM",-0.5220000000000001
"XRO","AMJ",-0.5180000000000001
"XRO","MJJ",-0.5263333333333334
"XRO","JJA",-0.5233333333333333
"BCC_RZDM","MAM",-0.32
"BCC_RZDM","AMJ",-0.34
"BCC_RZDM","MJJ",-0.36
"BCC_RZDM","JJA",-0.39
"BCC_RZDM","JAS",-0.44
"CPC CA","MAM",-0.24
"CPC CA","AMJ",-0.08
"CPC CA","MJJ",-0.03
"CPC CA","JJA",-0.12
"CPC CA","JAS",-0.27
"CPC MRKOV","MAM",-0.97
"CPC MRKOV","AMJ",-0.91
"CPC MRKOV","MJJ",-0.88
"CPC MRKOV","JJA",-0.87
"CPC MRKOV","JAS",-0.9
"CSU CLIPR","MAM",-0.19
"CSU CLIPR","AMJ",-0.27
"CSU CLIPR","MJJ",-0.35000000000000003
"CSU CLIPR","JJA",-0.43
"CSU CLIPR","JAS",-0.52
"IAP-NN","MAM",-0.174
"IAP-NN","AMJ",0.052
"IAP-NN","MJJ",0.266
"IAP-NN","JJA",0.442
"IAP-NN","JAS",0.578
"JAMSTEC CNN","MAM",0.03486495127
"JAMSTEC CNN","AMJ",-0.06398614049
"JAMSTEC CNN","MJJ",-0.03691435382
"JAMSTEC CNN","JJA",-0.471866855
"JAMSTEC CNN","JAS",-0.7384428203
"NTU CODA","MAM",-0.12
"NTU CODA","AMJ",0.1
"NTU CODA","MJJ",0.19
"NTU CODA","JJA",0.19
"NTU CODA","JAS",0.44
"TONGJI-ML","MAM",-0.4886536814058755
"TONGJI-ML","AMJ",-0.4343288742697804
"TONGJI-ML","MJJ",-0.22215373601515898
"TONGJI-ML","JJA",0.022269303325495426
"TONGJI-ML","JAS",0.2329143558560156
"UCLA-TCD","MAM",0
"UCLA-TCD","AMJ",0.19
"UCLA-TCD","MJJ",0.33
"UCLA-TCD","JJA",0.39
"UCLA-TCD","JAS",0.39
"UW PSL-CSLIM","MAM",-0.21
"UW PSL-CSLIM","AMJ",-0.11
"UW PSL-CSLIM","MJJ",-0.07
"UW PSL-CSLIM","JJA",-0.08
"UW PSL-CSLIM","JAS",-0.13
"UW PSL-LIM","MAM",-0.33
"UW PSL-LIM","AMJ",-0.26
"UW PSL-LIM","MJJ",-0.2
"UW PSL-LIM","JJA",-0.16
"UW PSL-LIM","JAS",-0.14
"XRO","MAM",-0.34933333333333333
"XRO","AMJ",-0.37733333333333335
"XRO","MJJ",-0.42933333333333334
"XRO","JJA",-0.4586666666666667
"XRO","JAS",-0.45
"BCC_RZDM","AMJ",-0.36
"BCC_RZDM","MJJ",-0.52
"BCC_RZDM","JJA",-0.63
"BCC_RZDM","JAS",-0.74
"BCC_RZDM","ASO",-0.91
"CPC CA","AMJ",0.08
"CPC CA","MJJ",0.14
"CPC CA","JJA",0.02
"CPC CA","JAS",-0.18
"CPC CA","ASO",-0.43
"CPC MRKOV","AMJ",-0.78
"CPC MRKOV","MJJ",-0.81
"CPC MRKOV","JJA",-0.86
"CPC MRKOV","JAS",-0.94
"CPC MRKOV","ASO",-1.05
"CSU CLIPR","AMJ",0.16
"CSU CLIPR","MJJ",0.31
"CSU CLIPR","JJA",0.46
"CSU CLIPR","JAS",0.61
"CSU CLIPR","ASO",0.6166666666666667
"IAP-NN","AMJ",0.48
"IAP-NN","MJJ",0.718
"IAP-NN","JJA",0.919
"IAP-NN","JAS",1.073
"IAP-NN","ASO",1.187
"JAMSTEC CNN","AMJ",0.3269381434
"JAMSTEC CNN","MJJ",0.02540631444
"JAMSTEC CNN","JJA",0.388459827
"JAMSTEC CNN","JAS",-0.387928237
"JAMSTEC CNN","ASO",-0.1408175167
"NTU CODA","AMJ",0.14
"NTU CODA","MJJ",0.27
"NTU CODA","JJA",0.28
"NTU CODA","JAS",0.34
"NTU CODA","ASO",0.38
"TONGJI-ML","AMJ",-0.3700548745498689
"TONGJI-ML","MJJ",-0.1561238136801869
"TONGJI-ML","JJA",0.09440795294210902
"TONGJI-ML","JAS",0.30905342594887125
"TONGJI-ML","ASO",0.4245357005693588
"UCLA-TCD","AMJ",0.48
"UCLA-TCD","MJJ",0.59
"UCLA-TCD","JJA",0.62
"UCLA-TCD","JAS",0.6
"UCLA-TCD","ASO",0.54
"UW PSL-CSLIM","AMJ",0.07
"UW PSL-CSLIM","MJJ",0.09
"UW PSL-CSLIM","JJA",0.07
"UW PSL-CSLIM","JAS",0.03
"UW PSL-CSLIM","ASO",-0.03
"UW PSL-LIM","AMJ",0.06
"UW PSL-LIM","MJJ",0.1
"UW PSL-LIM","JJA",0.11
"UW PSL-LIM","JAS",0.09
"UW PSL-LIM","ASO",0.05
"XRO","AMJ",-0.071
"XRO","MJJ",-0.168
"XRO","JJA",-0.23866666666666667
"XRO","JAS",-0.26899999999999996
"XRO","ASO",-0.2753333333333334
"BCC_RZDM","MJJ",-0.37
"BCC_RZDM","JJA",-0.44
"BCC_RZDM","JAS",-0.51
"BCC_RZDM","ASO",-0.61
"BCC_RZDM","SON",-0.72
"CPC CA","MJJ",0.17
"CPC CA","JJA",0.01
"CPC CA","JAS",-0.22
"CPC CA","ASO",-0.45
"CPC CA","SON",-0.58
"CPC MRKOV","MJJ",-0.81
"CPC MRKOV","JJA",-0.86
"CPC MRKOV","JAS",-0.93
"CPC MRKOV","ASO",-1.02
"CPC MRKOV","SON",-1.11
"CSU CLIPR","MJJ",0.02
"CSU CLIPR","JJA",-0.026666666666666665
"CSU CLIPR","JAS",-0.07333333333333333
"CSU CLIPR","ASO",-0.12
"CSU CLIPR","SON",-0.07666666666666667
"IAP-NN","MJJ",0.006
"IAP-NN","JJA",0.101
"IAP-NN","JAS",0.195
"IAP-NN","ASO",0.278
"IAP-NN","SON",0.336
"NTU CODA","MJJ",-0.17
"NTU CODA","JJA",-0.25
"NTU CODA","JAS",-0.24
"NTU CODA","ASO",-0.22
"NTU CODA","SON",-0.29
"TONGJI-ML","MJJ",-0.02516451426040346
"TONGJI-ML","JJA",0.06937299513076593
"TONGJI-ML","JAS",0.21384532100435497
"TONGJI-ML","ASO",0.4096582434880185
"TONGJI-ML","SON",0.6023280813412982
"UCLA-TCD","MJJ",0.06
"UCLA-TCD","JJA",0.02
"UCLA-TCD","JAS",-0.06
"UCLA-TCD","ASO",-0.16
"UCLA-TCD","SON",-0.26
"UW PSL-CSLIM","MJJ",-0.06
"UW PSL-CSLIM","JJA",-0.03
"UW PSL-CSLIM","JAS",-0.02
"UW PSL-CSLIM","ASO",-0.05
"UW PSL-CSLIM","SON",-0.14
"UW PSL-LIM","MJJ",-0.11
"UW PSL-LIM","JJA",-0.07
"UW PSL-LIM","JAS",-0.05
"UW PSL-LIM","ASO",-0.05
"UW PSL-LIM","SON",-0.06
"XRO","MJJ",-0.22533333333333336
"XRO","JJA",-0.24866666666666667
"XRO","JAS",-0.2353333333333333
"XRO","ASO",-0.20666666666666667
"XRO","SON",-0.18633333333333332
"BCC_RZDM","JJA",-0.24
"BCC_RZDM","JAS",-0.31
"BCC_RZDM","ASO",-0.41
"BCC_RZDM","SON",-0.51
"BCC_RZDM","OND",-0.62
"CPC CA","JJA",0.06
"CPC CA","JAS",-0.14
"CPC CA","ASO",-0.29
"CPC CA","SON",-0.39
"CPC CA","OND",-0.5
"CPC MRKOV","JJA",-0.88
"CPC MRKOV","JAS",-0.96
"CPC MRKOV","ASO",-1.06
"CPC MRKOV","SON",-1.15
"CPC MRKOV","OND",-1.19
"CSU CLIPR","JJA",-0.09
"CSU CLIPR","JAS",0.07333333333333333
"CSU CLIPR","ASO",0.23666666666666666
"CSU CLIPR","SON",0.4
"CSU CLIPR","OND",0.26666666666666666
"IAP-NN","JJA",-0.142
"IAP-NN","JAS",-0.145
"IAP-NN","ASO",-0.169
"IAP-NN","SON",-0.206
"IAP-NN","OND",-0.233
"NTU CODA","JJA",-0.01
"NTU CODA","JAS",-0.07
"NTU CODA","ASO",-0.06
"NTU CODA","SON",-0.08
"NTU CODA","OND",-0.19
"TONGJI-ML","JJA",0.019060003513921703
"TONGJI-ML","JAS",0.04901864234848197
"TONGJI-ML","ASO",0.05820515653978281
"TONGJI-ML","SON",0.12620215650227176
"TONGJI-ML","OND",0.33073836432296616
"UCLA-TCD","JJA",-0.07
"UCLA-TCD","JAS",-0.23
"UCLA-TCD","ASO",-0.4
"UCLA-TCD","SON",-0.53
"UCLA-TCD","OND",-0.6
"UW PSL-CSLIM","JJA",-0.17
"UW PSL-CSLIM","JAS",-0.18
"UW PSL-CSLIM","ASO",-0.23
"UW PSL-CSLIM","SON",-0.36
"UW PSL-CSLIM","OND",-0.53
"UW PSL-LIM","JJA",-0.26
"UW PSL-LIM","JAS",-0.3
"UW PSL-LIM","ASO",-0.34
"UW PSL-LIM","SON",-0.38
"UW PSL-LIM","OND",-0.4
"XRO","JJA",-0.08900000000000001
"XRO","JAS",-0.11033333333333334
"XRO","ASO",-0.12966666666666668
"XRO","SON",-0.15433333333333335
"XRO","OND",-0.18466666666666667
"BCC_RZDM","JAS",-0.19
"BCC_RZDM","ASO",-0.28
"BCC_RZDM","SON",-0.34
"BCC_RZDM","OND",-0.42
"BCC_RZDM","NDJ",-0.46
"CPC CA","JAS",-0.1
"CPC CA","ASO",-0.21
"CPC CA","SON",-0.29
"CPC CA","OND",-0.35
"CPC CA","NDJ",-0.38
"CPC MRKOV","JAS",-0.68
"CPC MRKOV","ASO",-0.76
"CPC MRKOV","SON",-0.83
"CPC MRKOV","OND",-0.85
"CPC MRKOV","NDJ",-0.78
"CSU CLIPR","JAS",-0.34
"CSU CLIPR","ASO",-0.21000000000000002
"CSU CLIPR","SON",-0.08000000000000002
"CSU CLIPR","OND",0.05
"CSU CLIPR","NDJ",0.009999999999999998
"IAP-NN","JAS",0.06
"IAP-NN","ASO",0.103
"IAP-NN","SON",0.126
"IAP-NN","OND",0.135
"IAP-NN","NDJ",0.144
"NTU CODA","JAS",-0.02
"NTU CODA","ASO",-0.1
"NTU CODA","SON",-0.13
"NTU CODA","OND",-0.25
"NTU CODA","NDJ",-0.32
"UCLA-TCD","JAS",-0.02
"UCLA-TCD","ASO",-0.14
"UCLA-TCD","SON",-0.24
"UCLA-TCD","OND",-0.29
"UCLA-TCD","NDJ",-0.29
"UW PSL-CSLIM","JAS",-0.07
"UW PSL-CSLIM","ASO",-0.1
"UW PSL-CSLIM","SON",-0.24
"UW PSL-CSLIM","OND",-0.4
"UW PSL-CSLIM","NDJ",-0.57
"UW PSL-LIM","JAS",-0.18
"UW PSL-LIM","ASO",-0.21
"UW PSL-LIM","SON",-0.24
"UW PSL-LIM","OND",-0.25
"UW PSL-LIM","NDJ",-0.24
"XRO","JAS",-0.006333333333333333
"XRO","ASO",-0.04066666666666666
"XRO","SON",-0.08966666666666667
"XRO","OND",-0.15933333333333333
"XRO","NDJ",-0.227
"BCC_RZDM","ASO",-0.45
"BCC_RZDM","SON",-0.6
"BCC_RZDM","OND",-0.76
"BCC_RZDM","NDJ",-0.8
"BCC_RZDM","DJF",-0.72
"CPC CA","ASO",-0.2
"CPC CA","SON",-0.26
"CPC CA","OND",-0.29
"CPC CA","NDJ",-0.34
"CPC CA","DJF",-0.35
"CPC MRKOV","ASO",-0.82
"CPC MRKOV","SON",-0.9
"CPC MRKOV","OND",-0.93
"CPC MRKOV","NDJ",-0.86
"CPC MRKOV","DJF",-0.74
"CSU CLIPR","ASO",-0.16
"CSU CLIPR","SON",-0.13666666666666666
"CSU CLIPR","OND",-0.11333333333333334
"CSU CLIPR","NDJ",-0.09
"CSU CLIPR","DJF",-0.08666666666666667
"IAP-NN","ASO",-0.122
"IAP-NN","SON",-0.18
"IAP-NN","OND",-0.227
"IAP-NN","NDJ",-0.233
"IAP-NN","DJF",-0.21
"NTU CODA","ASO",-0.15
"NTU CODA","SON",-0.16
"NTU CODA","OND",-0.17
"NTU CODA","NDJ",-0.18
"NTU CODA","DJF",-0.17
"UCLA-TCD","ASO",-0.05
"UCLA-TCD","SON",-0.15
"UCLA-TCD","OND",-0.22
"UCLA-TCD","NDJ",-0.23
"UCLA-TCD","DJF",-0.2
"UW PSL-CSLIM","ASO",-0.14
"UW PSL-CSLIM","SON",-0.31
"UW PSL-CSLIM","OND",-0.5
"UW PSL-CSLIM","NDJ",-0.68
"UW PSL-CSLIM","DJF",-0.77
"UW PSL-LIM","ASO",-0.2
"UW PSL-LIM","SON",-0.28
"UW PSL-LIM","OND",-0.34
"UW PSL-LIM","NDJ",-0.36
"UW PSL-LIM","DJF",-0.38
"XRO","ASO",-0.15066666666666667
"XRO","SON",-0.239
"XRO","OND",-0.341
"XRO","NDJ",-0.428
"XRO","DJF",-0.4653333333333333
"BCC_RZDM","SON",-0.56
"BCC_RZDM","OND",-0.69
"BCC_RZDM","NDJ",-0.74
"BCC_RZDM","DJF",-0.68
"BCC_RZDM","JFM",-0.56
"CPC CA","SON",-0.26
"CPC CA","OND",-0.31
"CPC CA","NDJ",-0.38
"CPC CA","DJF",-0.36
"CPC CA","JFM",-0.24
"CPC MRKOV","SON",-1.04
"CPC MRKOV","OND",-1.06
"CPC MRKOV","NDJ",-0.99
"CPC MRKOV","DJF",-0.86
"CPC MRKOV","JFM",-0.72
"CSU CLIPR","SON",-0.02
"CSU CLIPR","OND",-0.08666666666666667
"CSU CLIPR","NDJ",-0.15333333333333332
"CSU CLIPR","DJF",-0.22
"CSU CLIPR","JFM",-0.13333333333333333
"IAP-NN","SON",-0.425
"IAP-NN","OND",-0.469
"IAP-NN","NDJ",-0.479
"IAP-NN","DJF",-0.439
"IAP-NN","JFM",-0.383
"NTU CODA","SON",-0.44
"NTU CODA","OND",-0.5
"NTU CODA","NDJ",-0.56
"NTU CODA","DJF",-0.57
"NTU CODA","JFM",-0.51
"UCLA-TCD","SON",-0.42
"UCLA-TCD","OND",-0.48
"UCLA-TCD","NDJ",-0.46
"UCLA-TCD","DJF",-0.36
"UCLA-TCD","JFM",-0.23
"UW PSL-CSLIM","SON",-0.36
"UW PSL-CSLIM","OND",-0.47
"UW PSL-CSLIM","NDJ",-0.58
"UW PSL-CSLIM","DJF",-0.61
"UW PSL-CSLIM","JFM",-0.55
"UW PSL-LIM","SON",-0.3
"UW PSL-LIM","OND",-0.31
"UW PSL-LIM","NDJ",-0.28
"UW PSL-LIM","DJF",-0.27
"UW PSL-LIM","JFM",-0.27
"XRO","SON",-0.4483333333333333
"XRO","OND",-0.552
"XRO","NDJ",-0.634
"XRO","DJF",-0.6509999999999999
"XRO","JFM",-0.6003333333333333
"BCC_RZDM","OND",-0.61
"BCC_RZDM","NDJ",-0.67
"BCC_RZDM","DJF",-0.65
"BCC_RZDM","JFM",-0.53
"BCC_RZDM","FMA",-0.38
"CPC CA","OND",-0.38
"CPC CA","NDJ",-0.38
"CPC CA","DJF",-0.32
"CPC CA","JFM",-0.2
"CPC CA","FMA",-0.03
"CPC MRKOV","OND",-1.13
"CPC MRKOV","NDJ",-1.05
"CPC MRKOV","DJF",-0.92
"CPC MRKOV","JFM",-0.78
"CPC MRKOV","FMA",-0.67
"CSU CLIPR","OND",-0.31
"CSU CLIPR","NDJ",-0.24666666666666667
"CSU CLIPR","DJF",-0.18333333333333335
"CSU CLIPR","JFM",-0.12
"CSU CLIPR","FMA",-0.04
"IAP-NN","OND",-0.649
"IAP-NN","NDJ",-0.679
"IAP-NN","DJF",-0.663
"IAP-NN","JFM",-0.611
"IAP-NN","FMA",-0.523
"NTU CODA","OND",-0.57
"NTU CODA","NDJ",-0.61
"NTU CODA","DJF",-0.64
"NTU CODA","JFM",-0.54
"NTU CODA","FMA",-0.47
"UCLA-TCD","OND",-0.61
"UCLA-TCD","NDJ",-0.64
"UCLA-TCD","DJF",-0.57
"UCLA-TCD","JFM",-0.45
"UCLA-TCD","FMA",-0.3
"UW PSL-CSLIM","OND",-0.55
"UW PSL-CSLIM","NDJ",-0.59
"UW PSL-CSLIM","DJF",-0.58
"UW PSL-CSLIM","JFM",-0.49
"UW PSL-CSLIM","FMA",-0.36
"UW PSL-LIM","OND",-0.53
"UW PSL-LIM","NDJ",-0.48
"UW PSL-LIM","DJF",-0.41
"UW PSL-LIM","JFM",-0.36
"UW PSL-LIM","FMA",-0.35
"XRO","OND",-0.5923333333333333
"XRO","NDJ",-0.6746666666666666
"XRO","DJF",-0.6970000000000001
"XRO","JFM",-0.6503333333333333
"XRO","FMA",-0.559
"BCC_RZDM","NDJ",-0.63
"BCC_RZDM","DJF",-0.62
"BCC_RZDM","JFM",-0.51
"BCC_RZDM","FMA",-0.37
"BCC_RZDM","MAM",-0.25
"CPC CA","NDJ",-0.47
"CPC CA","DJF",-0.39
"CPC CA","JFM",-0.24
"CPC CA","FMA",-0.06
"CPC CA","MAM",0.09
"CPC MRKOV","NDJ",-0.98
"CPC MRKOV","DJF",-0.85
"CPC MRKOV","JFM",-0.71
"CPC MRKOV","FMA",-0.6
"CPC MRKOV","MAM",-0.5
"CSU CLIPR","NDJ",-0.49
"CSU CLIPR","DJF",-0.42666666666666664
"CSU CLIPR","JFM",-0.3633333333333333
"CSU CLIPR","FMA",-0.3
"CSU CLIPR","MAM",-0.24333333333333332
"IAP-NN","NDJ",-0.633
"IAP-NN","DJF",-0.608
"IAP-NN","JFM",-0.543
"IAP-NN","FMA",-0.424
"IAP-NN","MAM",-0.285
"NTU CODA","NDJ",-0.61
"NTU CODA","DJF",-0.62
"NTU CODA","JFM",-0.5
"NTU CODA","FMA",-0.43
"NTU CODA","MAM",-0.34
"UCLA-TCD","NDJ",-0.46
"UCLA-TCD","DJF",-0.42
"UCLA-TCD","JFM",-0.33
"UCLA-TCD","FMA",-0.2
"UCLA-TCD","MAM",-0.04
"UW PSL-CSLIM","NDJ",-0.58
"UW PSL-CSLIM","DJF",-0.51
"UW PSL-CSLIM","JFM",-0.37
"UW PSL-CSLIM","FMA",-0.2
"UW PSL-CSLIM","MAM",-0.02
"UW PSL-LIM","NDJ",-0.48
"UW PSL-LIM","DJF",-0.39
"UW PSL-LIM","JFM",-0.32
"UW PSL-LIM","FMA",-0.29
"UW PSL-LIM","MAM",-0.27
"XRO","NDJ",-0.6103333333333333
"XRO","DJF",-0.624
"XRO","JFM",-0.5776666666666667
"XRO","FMA",-0.49100000000000005
"XRO","MAM",-0.38599999999999995
"BCC_RZDM","DJF",-0.72
"BCC_RZDM","JFM",-0.62
"BCC_RZDM","FMA",-0.48
"BCC_RZDM","MAM",-0.37
"BCC_RZDM","AMJ",-0.26
"CPC CA","DJF",-0.5
"CPC CA","JFM",-0.32
"CPC CA","FMA",-0.13
"CPC CA","MAM",0.01
"CPC CA","AMJ",0.26
"CPC MRKOV","DJF",-0.98
"CPC MRKOV","JFM",-0.83
"CPC MRKOV","FMA",-0.71
"CPC MRKOV","MAM",-0.59
"CPC MRKOV","AMJ",-0.48
"CSU CLIPR","DJF",-0.58
"CSU CLIPR","JFM",-0.5166666666666666
"CSU CLIPR","FMA",-0.45333333333333337
"CSU CLIPR","MAM",-0.39
"CSU CLIPR","AMJ",-0.38333333333333336
"IAP-NN","DJF",-0.574
"IAP-NN","JFM",-0.449
"IAP-NN","FMA",-0.292
"IAP-NN","MAM",-0.131
"IAP-NN","AMJ",0.029
"NTU CODA","DJF",-0.76
"NTU CODA","JFM",-0.68
"NTU CODA","FMA",-0.59
"NTU CODA","MAM",-0.55
"NTU CODA","AMJ",-0.53
"TONGJI-ML","DJF",-0.6267643333333334
"TONGJI-ML","JFM",-0.6819139999999999
"TONGJI-ML","FMA",-0.6546653333333333
"TONGJI-ML","MAM",-0.4566483333333333
"TONGJI-ML","AMJ",-0.27745933333333334
"UCLA-TCD","DJF",-0.42
"UCLA-TCD","JFM",-0.28
"UCLA-TCD","FMA",-0.1
"UCLA-TCD","MAM",0.09
"UCLA-TCD","AMJ",0.26
"UW PSL-CSLIM","DJF",-0.51
"UW PSL-CSLIM","JFM",-0.29
"UW PSL-CSLIM","FMA",-0.04
"UW PSL-CSLIM","MAM",0.19
"UW PSL-CSLIM","AMJ",0.37
"UW PSL-LIM","DJF",-0.52
"UW PSL-LIM","JFM",-0.41
"UW PSL-LIM","FMA",-0.35
"UW PSL-LIM","MAM",-0.29
"UW PSL-LIM","AMJ",-0.21
"XRO","DJF",-0.6756666666666667
"XRO","JFM",-0.6153333333333334
"XRO","FMA",-0.52
"XRO","MAM",-0.4043333333333334
"XRO","AMJ",-0.2816666666666667
"BCC_RZDM","JFM",-0.42
"BCC_RZDM","FMA",-0.32
"BCC_RZDM","MAM",-0.25
"BCC_RZDM","AMJ",-0.17
"BCC_RZDM","MJJ",-0.07
"CPC MRKOV","JFM",-0.88
"CPC MRKOV","FMA",-0.76
"CPC MRKOV","MAM",-0.64
"CPC MRKOV","AMJ",-0.52
"CPC MRKOV","MJJ",-0.43
"CSU CLIPR","JFM",-0.43
"CSU CLIPR","FMA",-0.39
"CSU CLIPR","MAM",-0.35
"CSU CLIPR","AMJ",-0.31
"CSU CLIPR","MJJ",-0.30666666666666664
"IAP-NN","JFM",-0.405
"IAP-NN","FMA",-0.269
"IAP-NN","MAM",-0.13
"IAP-NN","AMJ",0.003
"IAP-NN","MJJ",0.123
"NTU CODA","JFM",-0.52
"NTU CODA","FMA",-0.43
"NTU CODA","MAM",-0.32
"NTU CODA","AMJ",-0.15
"NTU CODA","MJJ",0.04
"TONGJI-ML","JFM",-0.5779683333333333
"TONGJI-ML","FMA",-0.6728693333333333
"TONGJI-ML","MAM",-0.5135016666666666
"TONGJI-ML","AMJ",-0.219244
"TONGJI-ML","MJJ",0.09199333333333333
"UCLA-TCD","JFM",-0.11
"UCLA-TCD","FMA",0.11
"UCLA-TCD","MAM",0.33
"UCLA-TCD","AMJ",0.51
"UCLA-TCD","MJJ",0.65
"UW PSL-CSLIM","JFM",-0.2
"UW PSL-CSLIM","FMA",0.1
"UW PSL-CSLIM","MAM",0.4
"UW PSL-CSLIM","AMJ",0.66
"UW PSL-CSLIM","MJJ",0.86
"UW PSL-LIM","JFM",-0.32
"UW PSL-LIM","FMA",-0.18
"UW PSL-LIM","MAM",-0.05
"UW PSL-LIM","AMJ",0.07
"UW PSL-LIM","MJJ",0.2
"XRO","JFM",-0.4526666666666667
"XRO","FMA",-0.3433333333333333
"XRO","MAM",-0.22266666666666668
"XRO","AMJ",-0.09300000000000001
"XRO","MJJ",0.034333333333333334
"BCC_RZDM","FMA",-0.24
"BCC_RZDM","MAM",-0.1
"BCC_RZDM","AMJ",0.05
"BCC_RZDM","MJJ",0.19
"BCC_RZDM","JJA",0.31
"CPC MRKOV","FMA",-0.71
"CPC MRKOV","MAM",-0.56
"CPC MRKOV","AMJ",-0.42
"CPC MRKOV","MJJ",-0.3
"CPC MRKOV","JJA",-0.21
"CSU CLIPR","FMA",-0.39
"CSU CLIPR","MAM",-0.35333333333333333
"CSU CLIPR","AMJ",-0.31666666666666665
"CSU CLIPR","MJJ",-0.28
"CSU CLIPR","JJA",-0.25666666666666665
"NTU CODA","FMA",-0.38
"NTU CODA","MAM",-0.26
"NTU CODA","AMJ",-0.15
"NTU CODA","MJJ",0.13
"NTU CODA","JJA",0.31
"TONGJI-ML","FMA",-0.399746
"TONGJI-ML","MAM",-0.24040533333333333
"TONGJI-ML","AMJ",0.053567333333333335
"TONGJI-ML","MJJ",0.3299096666666667
"TONGJI-ML","JJA",0.49402266666666667
"UCLA-TCD","FMA",0.1
"UCLA-TCD","MAM",0.38
"UCLA-TCD","AMJ",0.64
"UCLA-TCD","MJJ",0.86
"UCLA-TCD","JJA",1.02
"UW PSL-CSLIM","FMA",0.15
"UW PSL-CSLIM","MAM",0.55
"UW PSL-CSLIM","AMJ",0.88
"UW PSL-CSLIM","MJJ",1.14
"UW PSL-CSLIM","JJA",1.29
"UW PSL-LIM","FMA",-0.12
"UW PSL-LIM","MAM",0.11
"UW PSL-LIM","AMJ",0.31
"UW PSL-LIM","MJJ",0.5
"UW PSL-LIM","JJA",0.64
"XRO","FMA",-0.305
"XRO","MAM",-0.167
"XRO","AMJ",-0.016333333333333328
"XRO","MJJ",0.1366666666666667
"XRO","JJA",0.263
"BCC_RZDM","MAM",-0.02
"BCC_RZDM","AMJ",0.03
"BCC_RZDM","MJJ",0.05
"BCC_RZDM","JJA",0.03
"BCC_RZDM","JAS",-0.01
"CPC MRKOV","MAM",-0.32
"CPC MRKOV","AMJ",-0.2
"CPC MRKOV","MJJ",-0.11
"CPC MRKOV","JJA",-0.04
"CPC MRKOV","JAS",0.04
"CSU CLIPR","MAM",-0.12
"CSU CLIPR","AMJ",0.010000000000000009
"CSU CLIPR","MJJ",0.14
"CSU CLIPR","JJA",0.27
"CSU CLIPR","JAS",0.32333333333333336
"IAP-NN","MAM",-0.029
"IAP-NN","AMJ",0.127
"IAP-NN","MJJ",0.275
"IAP-NN","JJA",0.405
"IAP-NN","JAS",0.503
"NTU CODA","MAM",-0.04
"NTU CODA","AMJ",0.03
"NTU CODA","MJJ",0.17
"NTU CODA","JJA",0.42
"NTU CODA","JAS",0.49
"TONGJI-ML","MAM",-0.23799900000000004
"TONGJI-ML","AMJ",-0.002477666666666656
"TONGJI-ML","MJJ",0.243672
"TONGJI-ML","JJA",0.4221166666666667
"TONGJI-ML","JAS",0.5077063333333333
"UCLA-TCD","MAM",0.57
"UCLA-TCD","AMJ",0.89
"UCLA-TCD","MJJ",1.14
"UCLA-TCD","JJA",1.32
"UCLA-TCD","JAS",1.44
"UW PSL-CSLIM","MAM",0.37
"UW PSL-CSLIM","AMJ",0.68
"UW PSL-CSLIM","MJJ",0.92
"UW PSL-CSLIM","JJA",1.06
"UW PSL-CSLIM","JAS",1.15
"UW PSL-LIM","MAM",0.24
"UW PSL-LIM","AMJ",0.52
"UW PSL-LIM","MJJ",0.76
"UW PSL-LIM","JJA",0.94
"UW PSL-LIM","JAS",1.06
"XRO","MAM",-0.064
"XRO","AMJ",0.08233333333333333
"XRO","MJJ",0.26166666666666666
"XRO","JJA",0.4453333333333333
"XRO","JAS",0.6146666666666667
"BCC_RZDM","AMJ",0.41
"BCC_RZDM","MJJ",0.53
"BCC_RZDM","JJA",0.63
"BCC_RZDM","JAS",0.69
"BCC_RZDM","ASO",0.81
"CPC MRKOV","AMJ",0.07
"CPC MRKOV","MJJ",0.17
"CPC MRKOV","JJA",0.24
"CPC MRKOV","JAS",0.34
"CPC MRKOV","ASO",0.47
"CSU CLIPR","AMJ",0.21
"CSU CLIPR","MJJ",0.32666666666666666
"CSU CLIPR","JJA",0.44333333333333336
"CSU CLIPR","JAS",0.56
"CSU CLIPR","ASO",0.7333333333333334
"IAP-NN","AMJ",0.298
"IAP-NN","MJJ",0.479
"IAP-NN","JJA",0.644
"IAP-NN","JAS",0.78
"IAP-NN","ASO",0.871
"NTU CODA","AMJ",0.39
"NTU CODA","MJJ",0.56
"NTU CODA","JJA",0.75
"NTU CODA","JAS",0.89
"NTU CODA","ASO",0.99
"TONGJI-ML","AMJ",-0.11329333333333332
"TONGJI-ML","MJJ",0.19582066666666664
"TONGJI-ML","JJA",0.5200113333333333
"TONGJI-ML","JAS",0.6902633333333333
"TONGJI-ML","ASO",0.6280796666666667
"UCLA-TCD","AMJ",0.89
"UCLA-TCD","MJJ",1.2
"UCLA-TCD","JJA",1.45
"UCLA-TCD","JAS",1.63
"UCLA-TCD","ASO",1.77
"UW PSL-CSLIM","AMJ",0.78
"UW PSL-CSLIM","MJJ",1.12
"UW PSL-CSLIM","JJA",1.33
"UW PSL-CSLIM","JAS",1.49
"UW PSL-CSLIM","ASO",1.65
"UW PSL-LIM","AMJ",0.73
"UW PSL-LIM","MJJ",1.1
"UW PSL-LIM","JJA",1.41
"UW PSL-LIM","JAS",1.62
"UW PSL-LIM","ASO",1.73
"XRO","AMJ",0.291
"XRO","MJJ",0.5126666666666667
"XRO","JJA",0.7433333333333333
"XRO","JAS",0.9726666666666667
"XRO","ASO",1.224
"BCC_RZDM","MJJ",1.09
"BCC_RZDM","JJA",1.26
"BCC_RZDM","JAS",1.35
"BCC_RZDM","ASO",1.5
"BCC_RZDM","SON",1.68
"CPC MRKOV","MJJ",0.69
"CPC MRKOV","JJA",0.75
"CPC MRKOV","JAS",0.87
"CPC MRKOV","ASO",1.05
"CPC MRKOV","SON",1.25
"CSU CLIPR","MJJ",0.85
"CSU CLIPR","JJA",0.9133333333333333
"CSU CLIPR","JAS",0.9766666666666667
"CSU CLIPR","ASO",1.04
"CSU CLIPR","SON",1.18
"IAP-NN","MJJ",0.822
"IAP-NN","JJA",1.066
"IAP-NN","JAS",1.272
"IAP-NN","ASO",1.407
"IAP-NN","SON",1.474
"NTU CODA","MJJ",0.83
"NTU CODA","JJA",1
"NTU CODA","JAS",1.06
"NTU CODA","ASO",1.28
"NTU CODA","SON",1.43
"TONGJI-ML","MJJ",0.09603633333333332
"TONGJI-ML","JJA",0.5728506666666666
"TONGJI-ML","JAS",0.9534509999999999
"TONGJI-ML","ASO",1.0845826666666667
"TONGJI-ML","SON",1.1278486666666667
"UCLA-TCD","MJJ",1.22
"UCLA-TCD","JJA",1.47
"UCLA-TCD","JAS",1.68
"UCLA-TCD","ASO",1.85
"UCLA-TCD","SON",1.97
"UW PSL-CSLIM","MJJ",1.26
"UW PSL-CSLIM","JJA",1.58
"UW PSL-CSLIM","JAS",1.84
"UW PSL-CSLIM","ASO",2.09
"UW PSL-CSLIM","SON",2.37
"UW PSL-LIM","MJJ",1.21
"UW PSL-LIM","JJA",1.62
"UW PSL-LIM","JAS",1.93
"UW PSL-LIM","ASO",2.12
"UW PSL-LIM","SON",2.21
"XRO","MJJ",0.884
"XRO","JJA",1.209
"XRO","JAS",1.5853333333333335
"XRO","ASO",2.042
"XRO","SON",2.560333333333333
"BCC_RZDM","JJA",1.27
"BCC_RZDM","JAS",1.27
"BCC_RZDM","ASO",1.41
"BCC_RZDM","SON",1.6
"BCC_RZDM","OND",1.78
"CPC MRKOV","JJA",1
"CPC MRKOV","JAS",1.09
"CPC MRKOV","ASO",1.24
"CPC MRKOV","SON",1.41
"CPC MRKOV","OND",1.56
"CSU CLIPR","JJA",1.2
"CSU CLIPR","JAS",1.4633333333333334
"CSU CLIPR","ASO",1.7266666666666666
"CSU CLIPR","SON",1.99
"CSU CLIPR","OND",1.9933333333333332
"IAP-NN","JJA",1.07
"IAP-NN","JAS",1.193
"IAP-NN","ASO",1.27
"IAP-NN","SON",1.291
"IAP-NN","OND",1.259
"TONGJI-ML","JJA",0.8396736666666668
"TONGJI-ML","JAS",1.2316553333333333
"TONGJI-ML","ASO",1.4547573333333332
"TONGJI-ML","SON",1.4289986666666668
"TONGJI-ML","OND",1.4598786666666665
"UCLA-TCD","JJA",1.45
"UCLA-TCD","JAS",1.58
"UCLA-TCD","ASO",1.72
"UCLA-TCD","SON",1.86
"UCLA-TCD","OND",1.96
"UW PSL-CSLIM","JJA",1.51
"UW PSL-CSLIM","JAS",1.78
"UW PSL-CSLIM","ASO",2.03
"UW PSL-CSLIM","SON",2.28
"UW PSL-CSLIM","OND",2.47
"UW PSL-LIM","JJA",1.47
"UW PSL-LIM","JAS",1.71
"UW PSL-LIM","ASO",1.86
"UW PSL-LIM","SON",1.92
"UW PSL-LIM","OND",1.91
"XRO","JJA",1.6436666666666666
"XRO","JAS",2.0946666666666665
"XRO","ASO",2.550666666666667
"XRO","SON",2.9280000000000004
"XRO","OND",3.1666666666666665
"Observed","ASO",-0.16666666666666666
"Observed","SON",-0.19000000000000003
"Observed","OND",-0.3466666666666667
"Observed","NDJ",-0.49
"Observed","DJF",-0.56
"Observed","JFM",-0.32
"Observed","FMA",-0.13666666666666666
"Observed","MAM",-0.03333333333333333
"Observed","AMJ",-0.05333333333333334
"Observed","MJJ",-0.02
"Observed","JJA",-0.11666666666666668
"Observed","JAS",-0.27666666666666667
"Observed","ASO",-0.4166666666666667
"Observed","SON",-0.5333333333333333
"Observed","OND",-0.59
"Observed","NDJ",-0.61
"Observed","DJF",-0.44999999999999996
"Observed","JFM",-0.23666666666666666
"Observed","FMA",0.09999999999999998
"Observed","MAM",0.48
